rumor_title,rumor_keywords,rumor_quote,rumor_url,rumor_sourceText,split_keywords
成都30所中小学将开启机器人授课？,"点击,真相",四川互联网联合辟谣平台,,中国互联网联合辟谣平台,"['点击', '真相']"
河南许昌的禹州市、长葛市要合村并镇？,"点击,真相",河南省网络辟谣平台,,中国互联网联合辟谣平台,"['点击', '真相']"
近期河南南阳部分县域小麦病毒大爆发？,"点击,真相",河南省网络辟谣平台,,中国互联网联合辟谣平台,"['点击', '真相']"
天津出台“生育补贴制度”？,"点击,真相",天津市互联网联合辟谣平台,,中国互联网联合辟谣平台,"['点击', '真相']"
重庆轨道新线开通，开出8-10万年薪招聘员工？,"点击,真相",重庆市互联网举报中心,,中国互联网联合辟谣平台,"['点击', '真相']"
近期广东一机场跑道失火？,"点击,真相",广东网络辟谣平台,,中国互联网联合辟谣平台,"['点击', '真相']"
河南漯河“名下无房都可申请公租房”“一次申请永久居住”？,"点击,真相",漯河市互联网辟谣平台,,中国互联网联合辟谣平台,"['点击', '真相']"
近期云南迪庆香格里拉一中、三中着火？,"点击,真相",云南省互联网违法和不良信息举报中心,,中国互联网联合辟谣平台,"['点击', '真相']"
近期天津滨海新区着火了？,"点击,真相",天津市互联网联合辟谣平台,,中国互联网联合辟谣平台,"['点击', '真相']"
太原地铁1号线已正式开通？,"点击,真相",山西互联网联合辟谣平台,,中国互联网联合辟谣平台,"['点击', '真相']"
近期凉山发生山体滑坡造成多人失联？,"点击,真相",四川互联网联合辟谣平台,,中国互联网联合辟谣平台,"['点击', '真相']"
广东江门某码头两船相撞？,"点击,真相",广东网络辟谣平台,,中国互联网联合辟谣平台,"['点击', '真相']"
宁马城际铁路延期至2026年9月试运营？,,安徽网络辟谣平台,,中国互联网联合辟谣平台,['']
近期广西南宁发生3.1级地震？,"点击,真相",广西互联网辟谣平台,,中国互联网联合辟谣平台,"['点击', '真相']"
近期山东聊城隧道多车相撞？,"点击,真相",山东互联网联合辟谣平台,,中国互联网联合辟谣平台,"['点击', '真相']"
近期广东茂名发生地震？,"点击,真相",广东网络辟谣平台,,中国互联网联合辟谣平台,"['点击', '真相']"
河南灵宝到山东菏泽将修建地铁？,"点击,真相",河南省网络辟谣平台,,中国互联网联合辟谣平台,"['点击', '真相']"
重庆主城到长寿区将开通直升飞机？,"点击,真相",重庆市互联网举报中心,,中国互联网联合辟谣平台,"['点击', '真相']"
符合相关规定即可申请“五险一金补贴”？,,公众举报,,中国互联网联合辟谣平台,['']
南京献血车开进中小学校园？,,江苏省互联网有害信息举报平台,,中国互联网联合辟谣平台,['']
南京北站挖到古墓被停工了?,,江苏省互联网有害信息举报平台,,中国互联网联合辟谣平台,['']
近期河南郑州发生列车撞人事故？ ,,河南省网络辟谣平台,,中国互联网联合辟谣平台,['']
近期新疆和田地区皮山县地震造成房屋倒塌、道路坍塌？,,新疆互联网联合辟谣平台,,中国互联网联合辟谣平台,['']
吃芹菜前一定要焯水，否则有毒？,,公众举报,,中国互联网联合辟谣平台,['']
西藏定日地震已致265人遇难？,,西藏自治区互联网举报中心,,中国互联网联合辟谣平台,['']
近期青岛、吐鲁番等多地开展“全城大检查”？,,公众举报,,中国互联网联合辟谣平台,['']
南京、青岛、广州等地婚姻登记处“离婚限号”？,,公众举报,,中国互联网联合辟谣平台,['']
2025年河南许昌允许燃放烟花爆竹？,,河南省网络辟谣平台,,中国互联网联合辟谣平台,['']
2025年辽宁锦州允许燃放烟花爆竹？,,辽宁省互联网辟谣平台,,中国互联网联合辟谣平台,['']
谷胱甘肽能够美白皮肤？,,公众举报,,中国互联网联合辟谣平台,['']
西藏定日县6.8级地震现场情况？,,西藏自治区互联网举报中心,,中国互联网联合辟谣平台,['']
山西大同“退休人员今天一定要认证，否则将无法参与调资”？,,山西互联网联合辟谣平台,,中国互联网联合辟谣平台,['']
四川成都周边能挖到“水晶”？,,四川互联网联合辟谣平台,,中国互联网联合辟谣平台,['']
近期山西大同发生9.6级地震？,,山西互联网联合辟谣平台,,中国互联网联合辟谣平台,['']
近期安徽广德一架小飞机坠落？,,安徽网络辟谣平台,,中国互联网联合辟谣平台,['']
狗尾草熬水能治近视？,,公众举报,,中国互联网联合辟谣平台,['']
近期宁夏银川地震致房屋倒塌？,,宁夏互联网辟谣平台,,中国互联网联合辟谣平台,['']
洞庭湖可钓区发现鳄鱼？,,湖南省互联网辟谣平台,,中国互联网联合辟谣平台,['']
维生素C能防治感冒？,,公众举报,,中国互联网联合辟谣平台,['']
吃饭时喝水会导致消化不良？,,公众举报,,中国互联网联合辟谣平台,['']
近期北京第一二代社保卡即将停用？,,北京市违法和不良信息举报平台,,中国互联网联合辟谣平台,['']
陕甘两地“花万亿推平黄土高原造5亿亩良田”？,,公众举报,,中国互联网联合辟谣平台,['']
中国社会福利基金会设立“共赴小康项目”？,,公众举报,,中国互联网联合辟谣平台,['']
年轻人熬夜会长老年斑？,,公众举报,,中国互联网联合辟谣平台,['']
广东惠州双月湾将举办跨年夜烟花秀？,,广东网络辟谣平台,,中国互联网联合辟谣平台,['']
重庆涪陵某小女孩没衣服、鞋子穿，需要救助？,,重庆市互联网举报中心,,中国互联网联合辟谣平台,['']
医保额度年底要清零？,,上海辟谣平台,,中国互联网联合辟谣平台,['']
近期四川万源爆发竹节虫灾情？,,四川互联网联合辟谣平台,,中国互联网联合辟谣平台,['']
近期新疆特克斯县要停暖三天？,,新疆互联网联合辟谣平台,,中国互联网联合辟谣平台,['']
被限制高消费人员不用还款也能买机票、高铁票？,"点击,真相",公众举报,,中国互联网联合辟谣平台,"['点击', '真相']"
春运抢票可提前90天预约？,"点击,真相",公众举报,,中国互联网联合辟谣平台,"['点击', '真相']"
近期广东奥体中心有飞机坠落已封路？,"点击,真相",广东网络辟谣平台,,中国互联网联合辟谣平台,"['点击', '真相']"
近期天津市教育主管部门组织领取线上课程？,"点击,真相",天津市互联网联合辟谣平台,,中国互联网联合辟谣平台,"['点击', '真相']"
“史上最严车检来了”？,"点击,真相",公众举报,,中国互联网联合辟谣平台,"['点击', '真相']"
近期呼和浩特免费送交通卡？,"点击,真相",内蒙古网上辟谣平台,,中国互联网联合辟谣平台,"['点击', '真相']"
近期上海免费送交通卡？,"点击,真相",上海辟谣平台,,中国互联网联合辟谣平台,"['点击', '真相']"
近期广西发生吊桥垮塌事故？,"点击,真相",广西互联网辟谣平台,,中国互联网联合辟谣平台,"['点击', '真相']"
海南2024年12月1日起对新能源汽车征收养路费？,"点击,真相",海南省互联网联合辟谣平台,,中国互联网联合辟谣平台,"['点击', '真相']"
近期天津“小升初”不摇号了？,"点击,真相",天津市互联网联合辟谣平台,,中国互联网联合辟谣平台,"['点击', '真相']"
近日广西贺州砸毁市民200多辆电动自行车？,"点击,真相",广西互联网辟谣平台,,中国互联网联合辟谣平台,"['点击', '真相']"
武汉等地部分学校试点取消寒暑假？,"点击,真相",湖北网络辟谣平台,,中国互联网联合辟谣平台,"['点击', '真相']"
近期新疆伊犁一地出现老虎？,,新疆互联网联合辟谣平台,,中国互联网联合辟谣平台,['']
11月27日重庆南岸一住宅楼起火，“19人死亡”？,"点击,真相",重庆市互联网举报中心,,中国互联网联合辟谣平台,"['点击', '真相']"
加购武汉马拉松文创礼盒可提高2025年武汉马拉松中签率？,"点击,真相",湖北网络辟谣平台,,中国互联网联合辟谣平台,"['点击', '真相']"
西藏拉萨市职工均可申请住房公积金租房提取业务？,"点击,真相",西藏自治区互联网举报中心,,中国互联网联合辟谣平台,"['点击', '真相']"
近期西安所有景区免门票？,"点击,真相",陕西省互联网联合辟谣平台,,中国互联网联合辟谣平台,"['点击', '真相']"
近期新疆阿克苏地区沙雅县3.1级地震致房屋倒塌？,"点击,真相",新疆互联网联合辟谣平台,,中国互联网联合辟谣平台,"['点击', '真相']"
无需学籍即可参加2025年宁夏高考？,谣言,宁夏互联网辟谣平台,,中国互联网联合辟谣平台,['谣言']
近期广东大亚湾石化区发生火灾？,"点击,真相",广东网络辟谣平台,,中国互联网联合辟谣平台,"['点击', '真相']"
西安高新区公租房资格审核能代办？,"点击,真相",陕西省互联网联合辟谣平台,,中国互联网联合辟谣平台,"['点击', '真相']"
近期湖北鄂州等地严重暴雨致山体滑坡？,"点击,真相",湖北网络辟谣平台,,中国互联网联合辟谣平台,"['点击', '真相']"
一站式代评职称、免试包过？,"点击,真相",公众举报,,中国互联网联合辟谣平台,"['点击', '真相']"
冷冻馒头长黄曲霉素？,,公众举报,,中国互联网联合辟谣平台,['']
近期上海市郊发生“野猪攻击人”事件？,"点击,真相",上海辟谣平台,,中国互联网联合辟谣平台,"['点击', '真相']"
南京等地大米检测出重金属“镉”超标、牛肉检测出兽药“恩诺沙星”超标288倍？,"点击,真相",江苏省互联网违法和有害不良信息举报中心,,中国互联网联合辟谣平台,"['点击', '真相']"
菠菜和豆腐一起吃，会得结石？,"点击,真相",公众举报,,中国互联网联合辟谣平台,"['点击', '真相']"
10月31日浙江一大巴车桥上自燃，车上十余人丧命？,"点击,真相",浙江辟谣平台,,中国互联网联合辟谣平台,"['点击', '真相']"
近期收到《专项扶贫资金发放通知书》可领取319万元扶贫金？,"点击,真相",福建辟谣,,中国互联网联合辟谣平台,"['点击', '真相']"
近期重庆万州渔政人员在长江放网抓鱼？,,重庆市互联网举报中心,,中国互联网联合辟谣平台,['']
央行发行“十二生肖纪念币套装”？,,上海辟谣平台,,中国互联网联合辟谣平台,['']
近期哈尔滨文旅发布“补贴旅游团费政策”？,,黑龙江省互联网违法和不良信息举报中心,,中国互联网联合辟谣平台,['']
近期河南新乡家电“以旧换新”国家补贴资金用完、政策暂停？,,河南省网络辟谣平台,,中国互联网联合辟谣平台,['']
四川巴中频繁有青少年失踪？,,四川互联网联合辟谣平台,,中国互联网联合辟谣平台,['']
近期湖北武汉江岸区有污水直排长江？,"点击,真相",湖北网络辟谣平台,,中国互联网联合辟谣平台,"['点击', '真相']"
近期成都、合肥等地免费送公交地铁卡？,,四川互联网联合辟谣平台,,中国互联网联合辟谣平台,['']
完成“个人数据资产变现权确权”，即可提现？,,公众举报,,中国互联网联合辟谣平台,['']
10月17日广东茂名某地有疫情和登革热病毒，“死了很多人”？,,广东网络辟谣平台,,中国互联网联合辟谣平台,['']
近期内蒙古某煤矿附近发生重大交通事故“死亡无数”？,,内蒙古网上辟谣平台,,中国互联网联合辟谣平台,['']
近期成都大规模拆迁？有人获赔超千万？,,成都网络辟谣,,中国互联网联合辟谣平台,['']
近期北京协和医院学生刺伤老师？,,北京市违法和不良信息举报平台,,中国互联网联合辟谣平台,['']
19岁小伙在重庆仙女山旅游坠亡，获赔70万元？,,重庆市互联网举报中心,,中国互联网联合辟谣平台,['']
近期湖南长沙开展食品安全网上宣传教育培训？,,湖南省互联网辟谣平台,,中国互联网联合辟谣平台,['']
南京禄口机场拒绝中暑女子进厅休息？,,江苏省互联网有害信息举报平台,,中国互联网联合辟谣平台,['']
近日“数字人民币平台”发放“数字资产红利”？,"点击,真相",公众举报,,中国互联网联合辟谣平台,"['点击', '真相']"
领取养老金要缴3%个税，起征点5000元/月？,"点击,真相",上海辟谣平台,,中国互联网联合辟谣平台,"['点击', '真相']"
10月11日河南焦作中站区事业单位招录300人？,"点击,真相",河南省网络辟谣平台,,中国互联网联合辟谣平台,"['点击', '真相']"
鱼刺卡在喉咙里，喝醋就能解决？,"点击,真相",公众举报,,中国互联网联合辟谣平台,"['点击', '真相']"
第六套人民币2025年上市，还有1000元面额？,,上海辟谣平台,,中国互联网联合辟谣平台,['']
近期云南文旅局发文，前往云南大环线即可享受优惠福利？,,云南省互联网违法和不良信息举报中心,,中国互联网联合辟谣平台,['']
9月24日上海G15沈海高速周围发生爆炸？,,上海辟谣平台,,中国互联网联合辟谣平台,['']
近日重庆市沙坪坝区突发7级地震？,,重庆市互联网举报中心,,中国互联网联合辟谣平台,['']
近日天津蓟县用私人飞机灭火？,,天津市互联网联合辟谣平台,,中国互联网联合辟谣平台,['']
近期上海有人因台风被吹落高坠？,,上海辟谣平台,,中国互联网联合辟谣平台,['']
9月18日安徽合肥地震导致高层住宅出现裂缝？,,安徽网络辟谣平台,,中国互联网联合辟谣平台,['']
近日湖南一居民收到300万“扶贫资金”？,,湖南省互联网辟谣平台,,中国互联网联合辟谣平台,['']
9月20日上海黄浦江的水漫出来了？,,上海辟谣平台,,中国互联网联合辟谣平台,['']
9月6日台风天海南有医务人员被砸死？,,海南省互联网联合辟谣平台,,中国互联网联合辟谣平台,['']
近日台风“摩羯”致广东省云浮市某石材城牌坊被吹倒？,,广东网络辟谣平台,,中国互联网联合辟谣平台,['']
近期浙江杭州发布“致广大网约车师傅一封信”短信？,,浙江辟谣平台,,中国互联网联合辟谣平台,['']
近日天津某地污水直排海河？,,天津市互联网联合辟谣平台,,中国互联网联合辟谣平台,['']
近期中国商飞发布“购买股权产品赠黄金”“中国商飞养老金”等投资理财项目？,,公众举报,,中国互联网联合辟谣平台,['']
中国高铁1公里耗1万度电？,,公众举报,,中国互联网联合辟谣平台,['']
近期一冷藏车里发现15名被拐儿童？,,湖南省互联网辟谣平台,,中国互联网联合辟谣平台,['']
湖南汉寿一桥上大量蜉蝣聚集，是地震前兆？,,湖南省互联网辟谣平台,,中国互联网联合辟谣平台,['']
近期拉萨市教育局印发并委托售卖2024年“一考三评”学习手册？,,西藏自治区互联网举报中心,,中国互联网联合辟谣平台,['']
近日重庆红绿灯热燃了？,,重庆市互联网举报中心,,中国互联网联合辟谣平台,['']
江苏常州一小区电车充电连环爆炸火烧地下室？,,江苏省互联网有害信息举报平台,,中国互联网联合辟谣平台,['']
近期商务部发布《关于以旧换新惠民款补贴发放的公证通知》？,,公众举报,,中国互联网联合辟谣平台,['']
“中印边境爆发冲突，六名军人牺牲”？,,公众举报,,中国互联网联合辟谣平台、西部战区,['']
近日山东泰安岱庙古城墙坍塌？,,山东互联网联合辟谣平台,,中国互联网联合辟谣平台,['']
上海虹口足球场8月24日举办活动时发生持刀伤人案件？,备用,上海辟谣平台,,中国互联网联合辟谣平台,['备用']
湖南博物院的辛追夫人曲裾式素纱单衣被盗？,,湖南省互联网辟谣平台,,中国互联网联合辟谣平台,['']
8月21日重庆彭水突发森林火灾？ ,,重庆市互联网举报中心,,中国互联网联合辟谣平台,['']
近日四川凉山木里突发森林大火？,,四川互联网联合辟谣平台,,中国互联网联合辟谣平台,['']
近期青岛崂山水库污染严重，鱼类漂浮成灾？,,山东互联网联合辟谣平台,,中国互联网联合辟谣平台,['']
近日重庆巫山发生车祸导致3人死亡？,,重庆市互联网举报中心,,中国互联网联合辟谣平台,['']
重庆某小区购买车位即可入读名校？,"点击,真相",重庆市互联网举报中心,,中国互联网联合辟谣平台,"['点击', '真相']"
近日重庆某工厂煤气泄漏引发剧烈爆炸？,"点击,真相",重庆市互联网举报中心,,中国互联网联合辟谣平台,"['点击', '真相']"
8月13日上海地铁1号线有人持刀致部分乘客集中下车？,"点击,真相",上海辟谣平台,,中国互联网联合辟谣平台,"['点击', '真相']"
内蒙古呼和浩特市公租房可办理到个人名下？,"点击,真相",内蒙古网上辟谣平台,,中国互联网联合辟谣平台,"['点击', '真相']"
近日湖南长沙一辆大巴车坠崖51人丧命？,"点击,真相",湖南省互联网辟谣平台,,中国互联网联合辟谣平台,"['点击', '真相']"
近期重庆黔江发生5.2级地震？,"点击,真相",重庆市互联网举报中心,,中国互联网联合辟谣平台,"['点击', '真相']"
近日四川遂宁一高速隧道口垮塌？,"点击,真相",四川互联网联合辟谣平台,,中国互联网联合辟谣平台,"['点击', '真相']"
近期暴雨致北京昌平两男子踩树干顺流而下？,"点击,真相",北京市违法和不良信息举报平台,,中国互联网联合辟谣平台,"['点击', '真相']"
近期四川雅安芦山县发生山洪灾害致三十多人失联？,"点击,真相",四川互联网联合辟谣平台,,中国互联网联合辟谣平台,"['点击', '真相']"
深圳市劳动仲裁“熔断”？,"点击,真相",广东网络辟谣平台,,中国互联网联合辟谣平台,"['点击', '真相']"
近日辽宁鞍山山洪暴发，马路成水上乐园？,"点击,真相",辽宁省互联网辟谣平台,,中国互联网联合辟谣平台,"['点击', '真相']"
近期成都市有配售型保障性住房、经济适用房在售？,"点击,真相",四川互联网联合辟谣平台,,中国互联网联合辟谣平台,"['点击', '真相']"
近日教育部召开发布会宣布“留学生将享受申请自费留学奖学金等六大政策扶持”等留学新政策？,"点击,真相",公众举报,,中国互联网联合辟谣平台,"['点击', '真相']"
7月25日福建福州世欧广场、仓山万达被淹？,"点击,真相",福建辟谣,,中国互联网联合辟谣平台,"['点击', '真相']"
近日重庆渝州交易城突发火灾？,"点击,真相",重庆市互联网举报中心,,中国互联网联合辟谣平台,"['点击', '真相']"
7月21日四川雅安发生山洪致多人失联？,"点击,真相",四川互联网联合辟谣平台,,中国互联网联合辟谣平台,"['点击', '真相']"
近日广西暴雨过后，家长启动“海陆两栖战车”去学校接娃？,"点击,真相",广西互联网辟谣平台,,中国互联网联合辟谣平台,"['点击', '真相']"
7月28日济南特大暴雨，社区内车辆被冲走？,"点击,真相",山东互联网联合辟谣平台,,中国互联网联合辟谣平台,"['点击', '真相']"
济南近日遭遇百年难遇特大暴雨？,"点击,真相",山东互联网联合辟谣平台,,中国互联网联合辟谣平台,"['点击', '真相']"
郑州某医院将以3.6亿元被拍卖？,"点击,真相",河南省网络辟谣平台,,中国互联网联合辟谣平台,"['点击', '真相']"
喝纯净水容易缺乏微量元素？,"点击,真相",公众举报,,中国互联网联合辟谣平台,"['点击', '真相']"
近日山东19万文科生滑档？,标签,山东互联网联合辟谣平台,,中国互联网联合辟谣平台,['标签']
近期新疆惊现巨大哈密瓜？,"点击,真相",新疆互联网联合辟谣平台,,中国互联网联合辟谣平台,"['点击', '真相']"
7月10日洪峰过境四川平昌，部分地区受灾严重？,"点击,真相",四川互联网联合辟谣平台,,中国互联网联合辟谣平台,"['点击', '真相']"
近期重庆市奉节县夔州街道口前村发生滑坡？,,重庆市互联网举报中心,,中国互联网联合辟谣平台,['']
近期荆门养殖场散养户90%的猪都死了？,"点击,真相",湖北网络辟谣平台,,中国互联网联合辟谣平台,"['点击', '真相']"
7月16日三门峡灵宝大雨，许多村庄都遭灾了？,,河南省网络辟谣平台,,中国互联网联合辟谣平台,['']
7月12日洪峰过境，重庆洪崖洞被淹？,,重庆市互联网举报中心,,中国互联网联合辟谣平台,['']
7月15日外地货车司机在南阳邓州被淹死？,"点击,真相",河南省网络辟谣平台,,中国互联网联合辟谣平台,"['点击', '真相']"
7月15日南阳暴雨泄洪，三层楼房被冲塌？,"点击,真相",河南省网络辟谣平台,,中国互联网联合辟谣平台,"['点击', '真相']"
近期广西南宁将发放住房公益补贴？,,广西互联网辟谣平台,,中国互联网联合辟谣平台,['']
7月8日重庆潼南一批发市场被水淹？,,重庆市互联网举报中心,,中国互联网联合辟谣平台,['']
近期江苏泰州姜堰大暴雨后路面无法行走？,,江苏省互联网有害信息举报平台,,中国互联网联合辟谣平台,['']
7月5日河南浚县古城被淹？,,河南省网络辟谣平台,,中国互联网联合辟谣平台,['']
7月11日重庆忠县洪水致多人失联？,,重庆市互联网举报中心,,中国互联网联合辟谣平台,['']
近期广西桂林一处风雨桥被洪水冲毁？,,广西互联网辟谣平台,,中国互联网联合辟谣平台,['']
近期四川达州洪灾致多人死亡？,,四川互联网联合辟谣平台,,中国互联网联合辟谣平台,['']
近期湖南双峰县境内九峰水库大坝发生渗漏事件？,,湖南省互联网辟谣平台,,中国互联网联合辟谣平台,['']
湖南怀化市7月6日暴雨过后房屋倒塌？,,湖南省互联网辟谣平台,,中国互联网联合辟谣平台,['']
湖南怀化市舞水桥塌了？,,湖南省互联网辟谣平台,,中国互联网联合辟谣平台,['']
近期湖南长沙暴雨致多辆摩托车被淹没？,,湖南省互联网辟谣平台,,中国互联网联合辟谣平台,['']
近期湖南长沙北山街发洪水有鱼抓？,,湖南省互联网辟谣平台,,中国互联网联合辟谣平台,['']
7月2日山西太原胜利街被淹？,"点击,真相",山西互联网联合辟谣平台,,中国互联网联合辟谣平台,"['点击', '真相']"
为降低成本，重庆用轻轨运沙？,"点击,真相",重庆市互联网举报中心,,中国互联网联合辟谣平台,"['点击', '真相']"
近期上海跟寺庙借了100亿元？,"点击,真相",上海辟谣平台,,中国互联网联合辟谣平台,"['点击', '真相']"
近期重庆山体滑坡致14人遇难？,"点击,真相",重庆市互联网举报中心,,中国互联网联合辟谣平台,"['点击', '真相']"
新疆那拉提检查站坍塌了？,,新疆互联网联合辟谣平台,,中国互联网联合辟谣平台,['']
近期广西一高速隧道口地面塌陷？,,广西互联网辟谣平台,,中国互联网联合辟谣平台,['']
网传“广州铁路局安监部2024年6月5日广茂线57139列车倾覆初步调查报告”？,,广东网络辟谣平台,,中国互联网联合辟谣平台,['']
近期山东因吃牛肉、羊肉致一两百人被隔离？,,山东互联网联合辟谣平台,,中国互联网联合辟谣平台,['']
近期湖南长沙市圭塘河水量大得像水库开闸？,,湖南省互联网辟谣平台,,中国互联网联合辟谣平台,['']
近期广西桂林市平乐县新田水库塌方？,,广西互联网辟谣平台,,中国互联网联合辟谣平台,['']
只要缴纳高额费用，陕西职称评审“包过”？,,陕西省互联网联合辟谣平台,,中国互联网联合辟谣平台,['']
河南信阳光山县近期狂风暴雨致多人死亡？,,河南省网络辟谣平台,,中国互联网联合辟谣平台,['']
广东梅州一村近期因电站倒塌需紧急撤离？,,广东网络辟谣平台,,中国互联网联合辟谣平台,['']
珠穆朗玛峰无限期关闭？,"点击,真相",西藏自治区互联网举报中心,,中国互联网联合辟谣平台,"['点击', '真相']"
四川德阳一养殖场虚报存栏骗补2亿元？,"点击,真相",四川互联网联合辟谣平台,,中国互联网联合辟谣平台,"['点击', '真相']"
近期成都世运会开幕式确认总导演人选并招募剧组成员？,"点击,真相",四川互联网联合辟谣平台,,中国互联网联合辟谣平台,"['点击', '真相']"
2024年广西南宁市赛龙舟翻船致人员伤亡？,"点击,真相",广西互联网辟谣平台,,中国互联网联合辟谣平台,"['点击', '真相']"
近期重庆武隆喀斯特旅游区发生山体滑坡？,"点击,真相",重庆市互联网举报中心,,中国互联网联合辟谣平台,"['点击', '真相']"
近期重庆山林里惊现坠落飞机？,,重庆市互联网举报中心,,中国互联网联合辟谣平台,['']
商家为赚补胎钱在独库公路撒钉子？,,新疆互联网联合辟谣平台,,中国互联网联合辟谣平台,['']
去云南旅游每人补贴3169元？,,云南省互联网违法和不良信息举报中心,,中国互联网联合辟谣平台,['']
近日广东东莞鸿福大桥桥面开裂？,,广东网络辟谣平台,,中国互联网联合辟谣平台,['']
财政部发放2024年度综合补贴3000元？,,公众举报,,中国互联网联合辟谣平台,['']
近期重庆暴雨洪水漫过朝天门？,,重庆市互联网举报中心,,中国互联网联合辟谣平台,['']
持广州市老年人优待卡可免费乘坐城际列车？,,广东网络辟谣平台,,中国互联网联合辟谣平台,['']
四川巴中民警与运钞车发生激烈枪战？,,四川互联网联合辟谣平台,,中国互联网联合辟谣平台,['']
旅泰大熊猫“林惠”系被殴打致死？,,公众举报,,中国互联网联合辟谣平台,['']
O型血的人更容易招蚊子？,,公众举报,,中国互联网联合辟谣平台,['']
大熊猫国际合作是“将大熊猫送给外国人做黑实验”？,,公众举报,,中国互联网联合辟谣平台,['']
新疆楼兰故城一张门票3500元、号称“中国最贵景区”？,,新疆互联网联合辟谣平台,,中国互联网联合辟谣平台,['']
河南漯河山里惊现侵华日寇坟墓？,,河南省网络辟谣平台,,中国互联网联合辟谣平台,['']
湖南职称申报取消“高门槛”，允许按毕业年限直接申报？,,湖南省互联网辟谣平台,,中国互联网联合辟谣平台,['']
近期新疆5G机站管网线路预埋项目施工？,,新疆互联网联合辟谣平台,,中国互联网联合辟谣平台,['']
郑州地标建筑“大玉米”楼被大风刮歪？,,河南省网络辟谣平台,,中国互联网联合辟谣平台,['']
广西百色靖西庞凌河河水一夜变红？,,广西互联网辟谣平台,,中国互联网联合辟谣平台,['']
近日扫码可领“2024年个人劳动补贴”？,,人力资源和社会保障部,,中国互联网联合辟谣平台,['']
山西发“辱华”言论男子入职国税系统？,,山西互联网联合辟谣平台,,中国互联网联合辟谣平台,['']
台湾地震把福州乌塔震歪了？,,福建辟谣,,中国互联网联合辟谣平台,['']
旅美大熊猫“洋洋”口吐白沫、饿得啃墙皮？,,成都网络辟谣,,中国互联网联合辟谣平台,['']
近日济南一门店坍塌，救护车拉了七八车？,,济南互联网联合辟谣平台,,中国互联网联合辟谣平台,['']
“藏水入疆”工程将于9月正式开工？,,新疆互联网联合辟谣平台,,中国互联网联合辟谣平台,['']
近日广州珠江新城东塔着火？,,广东网络辟谣平台,,中国互联网联合辟谣平台,['']
西安高陵区有“病毒基地”？,,陕西省互联网联合辟谣平台,,中国互联网联合辟谣平台,['']
河南小麦单产破2500公斤？,,河南省网络辟谣平台,,中国互联网联合辟谣平台,['']
因高铁站通车，重庆到黔江火车票全免？,,重庆市互联网举报中心,,中国互联网联合辟谣平台,['']
近日深圳龙华某地铁站特大交通事故？,,广东网络辟谣平台,,中国互联网联合辟谣平台,['']
近日清远英德洪水致码头崩堤？,"点击,真相",广东网络辟谣平台,,中国互联网联合辟谣平台,"['点击', '真相']"
“体考神器”喝一口就能及格？,"点击,真相",公众举报,,中国互联网联合辟谣平台,"['点击', '真相']"
西安网约车被路政追赶致2死1伤？,"点击,真相",陕西省互联网联合辟谣平台,,中国互联网联合辟谣平台,"['点击', '真相']"
收割未成熟小麦作青贮饲料，一亩地收入可达到1500元？,"点击,真相",公众举报,,中国互联网联合辟谣平台,"['点击', '真相']"
三星堆是外星文明？,"点击,真相",公众举报,,中国互联网联合辟谣平台,"['点击', '真相']"
三星堆文明是“西来”的？,,公众举报,,中国互联网联合辟谣平台,['']
三星堆考古挖出多件具“科技感”的青铜器？,,公众举报,,中国互联网联合辟谣平台,['']
三星堆是断层文明？,,公众举报,,,['']
三星堆挖出酷似“飞碟”青铜器？,,四川互联网联合辟谣平台,,中国互联网联合辟谣平台,['']
天津市急救中心近期在招聘司机？,,天津市互联网联合辟谣平台,,中国互联网联合辟谣平台,['']
福州仓山发生重大航空器安全事故？,,福建辟谣,,中国互联网联合辟谣平台,['']
近期广西南宁白沙大道一大楼倒塌？,,广西互联网辟谣平台,,中国互联网联合辟谣平台,['']
近日新疆克拉玛依有风力机着火损失千万？,,新疆互联网联合辟谣平台,,中国互联网联合辟谣平台,['']
四姑娘山景区4月底解封户外运动？,,四川互联网联合辟谣平台,,中国互联网联合辟谣平台,['']
近期江西黎川境内高速路段发生18车连撞重大交通事故？,"点击,真相",江西省互联网违法和不良信息举报中心,,中国互联网联合辟谣平台,"['点击', '真相']"
4月9日云南香格里拉市发生的4.7级地震，有数百人受伤？,"点击,真相",云南省互联网违法和不良信息举报中心,,中国互联网联合辟谣平台,"['点击', '真相']"
重庆永川有KK（电信诈骗）园区？,"点击,真相",重庆市互联网举报中心,,中国互联网联合辟谣平台,"['点击', '真相']"
单次住院不能超过15天，否则医保无法报销？,"点击,真相",公众举报,,中国互联网联合辟谣平台,"['点击', '真相']"
食用蜂蜜或花粉能“以毒攻毒”防过敏？,"点击,真相",公众举报,,中国互联网联合辟谣平台,"['点击', '真相']"
近期北京某高校着火？,"点击,真相",北京市违法和不良信息举报平台,,中国互联网联合辟谣平台,"['点击', '真相']"
福州福飞北路核辐射超标？,"点击,真相",福建辟谣,,中国互联网联合辟谣平台,"['点击', '真相']"
黄山天都峰4月1日结束轮休对外开放？,"点击,真相",安徽网络辟谣平台,,中国互联网联合辟谣平台,"['点击', '真相']"
贵州“中国天眼”变成“垃圾场”？,"点击,真相",贵州省互联网违法和不良信息举报中心,,中国互联网联合辟谣平台,"['点击', '真相']"
宁波一小区外墙被震开裂？,"点击,真相",浙江辟谣平台,,中国互联网联合辟谣平台,"['点击', '真相']"
我国城乡居民医保参保人数近年来持续下降？部分地区农村出现医保“退保潮”？,,公众举报,,中国互联网联合辟谣平台,['']
近期广州妇儿中心开展“身高普查”等公益普查项目？,,广东网络辟谣平台,,中国互联网联合辟谣平台,['']
“福建省福州市疾健联合委”发文称“某外卖平台餐品检出粪便和尿液”？,,福建辟谣,,中国互联网联合辟谣平台,['']
京沪高速公路停止收费？,标签,公众举报,,中国互联网联合辟谣平台,['标签']
“近视神药”阿托品可逆转近视？,,公众举报,,中国互联网联合辟谣平台,['']
我国社保基金全都交给外资机构管理？,,公众举报,,中国互联网联合辟谣平台,['']
海口环卫工垃圾桶内捡到30万元现金？,,海南省互联网联合辟谣平台,,中国互联网联合辟谣平台,['']
近日重庆南坪商业大楼火灾伤亡惨重？,,重庆市互联网举报中心,,中国互联网联合辟谣平台,['']
重庆垫江以补贴形式面向社会招录正式编制公务人员？,,重庆市互联网举报中心,,中国互联网联合辟谣平台,['']
近期湖南省长沙市天心区发生重大刑案，警方发布悬赏通告？,,湖南省互联网辟谣平台,,中国互联网联合辟谣平台,['']
近期浙江丽水机场已建成投用并首航？,"点击,真相",浙江辟谣平台,,中国互联网联合辟谣平台,"['点击', '真相']"
重庆市秀山县凤凰山公园把原有树木挖了来办植树节？,"点击,真相",重庆市互联网举报中心,,中国互联网联合辟谣平台,"['点击', '真相']"
近期贵阳市乌当区有人贩子拐卖儿童？,"点击,真相",贵州辟谣,,中国互联网联合辟谣平台,"['点击', '真相']"
青海地区因洪水致数十人死亡上千人失踪？,"点击,真相",内蒙古网上辟谣平台,,中国互联网联合辟谣平台,"['点击', '真相']"
广西壮族自治区民族医院发布关于流脑疫苗接种通知？,"点击,真相",广西互联网辟谣平台,,中国互联网联合辟谣平台,"['点击', '真相']"
国家发放2024年乡村振兴扶贫补贴？,"点击,真相",公众举报,,中国互联网联合辟谣平台,"['点击', '真相']"
2024年重庆市最新中考各学科考试范围公布？,"点击,真相",重庆市互联网举报中心,,中国互联网联合辟谣平台,"['点击', '真相']"
四川乐山大渡河冲走了5个人？,"点击,真相",四川互联网联合辟谣平台,,中国互联网联合辟谣平台,"['点击', '真相']"
近日重庆合川太和飞机场正式开工？,"点击,真相",重庆市互联网举报中心,,中国互联网联合辟谣平台,"['点击', '真相']"
重庆80%的工厂暂停招聘？,"点击,真相",重庆市互联网举报中心,,中国互联网联合辟谣平台,"['点击', '真相']"
近期天津武清北运河城区段清淤挖出宝？,"点击,真相",天津市互联网联合辟谣平台,,中国互联网联合辟谣平台,"['点击', '真相']"
近期河南多地发生山火？,"点击,真相",河南省网络辟谣平台,,中国互联网联合辟谣平台,"['点击', '真相']"
广西南宁某派出所车辆爆炸三人牺牲？,"点击,真相",广西互联网辟谣平台,,中国互联网联合辟谣平台,"['点击', '真相']"
成都领结婚证送足球套票？,"点击,真相",四川互联网联合辟谣平台,,中国互联网联合辟谣平台,"['点击', '真相']"
天津一银行发生抢劫？,"点击,真相",天津市互联网联合辟谣平台,,中国互联网联合辟谣平台,"['点击', '真相']"
海鱼比淡水鱼更有营养？,"点击,真相",公众举报,,中国互联网联合辟谣平台,"['点击', '真相']"
高速收费站免费政策“宽限”半小时？,"点击,真相",公众举报,,中国互联网联合辟谣平台,"['点击', '真相']"
有企业售卖“文昌航天发射场内场火箭发射观礼门票”？,"点击,真相",海南省互联网联合辟谣平台,,中国互联网联合辟谣平台,"['点击', '真相']"
郑州公租房可以买卖了？,"点击,真相",河南省网络辟谣平台,,中国互联网联合辟谣平台,"['点击', '真相']"
海鲜与水果同食会引起中毒？,"点击,真相",公众举报,,中国互联网联合辟谣平台,"['点击', '真相']"
多地有人捡到钱包、接力转发“失物招领”信息？ ,"点击,真相",公众举报,,中国互联网联合辟谣平台,"['点击', '真相']"
头孢配酒一点事没有？ ,"点击,真相",公众举报,,中国互联网联合辟谣平台,"['点击', '真相']"
砂糖橘和酸奶、牛奶不能同食？,"点击,真相",公众举报,,中国互联网联合辟谣平台,"['点击', '真相']"
吃鸡脖子会中毒？,"点击,真相",公众举报,,中国互联网联合辟谣平台,"['点击', '真相']"
无偿献血用于血液制品出口？,"点击,真相",公众举报,,中国互联网联合辟谣平台,"['点击', '真相']"
我国无偿献血人数大幅下降？,"点击,真相",公众举报,,中国互联网联合辟谣平台,"['点击', '真相']"
广西南宁沃柑收购“3毛一斤”，果农倒掉也不卖？,"点击,真相",广西互联网辟谣平台,,中国互联网联合辟谣平台,"['点击', '真相']"
郑州地铁列车违反交规被“扣车”？,"点击,真相",河南省网络辟谣平台,,中国互联网联合辟谣平台,"['点击', '真相']"
辽宁铁岭药厂发生爆炸？,"点击,真相",辽宁省互联网辟谣平台,,中国互联网联合辟谣平台,"['点击', '真相']"
2024年春节期间快递公司都将停运？,"点击,真相",公众举报,,中国互联网联合辟谣平台,"['点击', '真相']"
近期山东省济南市一粮库发生爆炸？,,山东互联网联合辟谣平台,,中国互联网联合辟谣平台,['']
三亚多个海域发现剧毒僧帽水母？,,海南省互联网联合辟谣平台,,中国互联网联合辟谣平台,['']
二手平台有超低价机票？,,上海辟谣平台,,中国互联网联合辟谣平台,['']
凭身份证就可申请西安市公租房？,标签,陕西省互联网联合辟谣平台,,中国互联网联合辟谣平台,['标签']
多吃黑木耳能降血压降血脂？,,公众举报,,中国互联网联合辟谣平台,['']
四川宜宾出现往长江放生鳄雀鳝情况？,"专区,标签",四川互联网联合辟谣平台,,中国互联网联合辟谣平台,"['专区', '标签']"
河南文旅通知身高1米8以上男青年报到助力文旅工作？,"专区,标签",河南省网络辟谣平台,,中国互联网联合辟谣平台,"['专区', '标签']"
近期新疆多地建高铁站？,"专区,标签",新疆互联网联合辟谣平台,,中国互联网联合辟谣平台,"['专区', '标签']"
近期河南首个985院校落户洛阳？,"专区,标签",河南省网络辟谣平台,,中国互联网联合辟谣平台,"['专区', '标签']"
 500元住张家界“悬崖旅馆”？,,湖南省互联网辟谣平台,,中国互联网联合辟谣平台,['']
义务教育教学改革实验区“缩短学制”“取消中考”？,,公众举报,,中国互联网联合辟谣平台,['']
“侵华日军南京大屠杀遇难同胞纪念馆”更名？,,江苏省互联网违法和不良信息举报中心,,中国互联网联合辟谣平台,['']
某医院医生因免费治疗贫困家庭儿童被开除？,,黑龙江省互联网违法和不良信息举报中心,,中国互联网联合辟谣平台,['']
云南澄江“摩托车电动车相撞致9死1伤”？,,云南省互联网违法和不良信息举报中心,,中国互联网联合辟谣平台,['']
近期甘肃省兰州市西固区一厂区突发火灾？,,甘肃地区联合辟谣平台,,中国互联网联合辟谣平台,['']
近期山西忻州要地震了，有人抢白面？,,山西互联网联合辟谣平台,,中国互联网联合辟谣平台,['']
近期广州站即将停用改造？,,广东网络辟谣平台,,中国互联网联合辟谣平台,['']
扫码可以领取“2023年四季度补贴”？,,公众举报,,中国互联网联合辟谣平台,['']
温州民间资本是缅北电诈的后台？,,浙江辟谣平台,,中国互联网联合辟谣平台,['']
因“保山隧道漏水”，昆明至保山列车停运？,,云南省互联网违法和不良信息举报中心,,中国互联网联合辟谣平台,['']
广西北海市银海区海域发生6.8级地震，有数人受伤？,谣言,广西互联网辟谣平台,,中国互联网联合辟谣平台,['谣言']
医保统筹额度12月底清零？,,公众举报,,中国互联网联合辟谣平台,['']
父母不缴纳医保将影响子女考公考编？,,河北网络辟谣平台,,中国互联网联合辟谣平台,['']
 广州市将限制外卖配送？,"点击,真相",广东网络辟谣平台,,中国互联网联合辟谣平台,"['点击', '真相']"
甘肃积石山地震中搜救犬救出 36 条人命后牺牲？,"点击,真相",甘肃地区联合辟谣平台,,中国互联网联合辟谣平台,"['点击', '真相']"
捐赠甘肃震区的羽绒服被倒卖？,"点击,真相",甘肃地区联合辟谣平台,,中国互联网联合辟谣平台,"['点击', '真相']"
河南郑州某高校漏电致17名学生死亡？,"点击,真相",河南省网络辟谣平台,,中国互联网联合辟谣平台,"['点击', '真相']"
积石山6.2级地震中两岁幼童“小苹果”失去双亲？,"点击,真相",甘肃地区联合辟谣平台,,中国互联网联合辟谣平台,"['点击', '真相']"
甘肃红十字会接收善款要收取高价服务费？,"点击,真相",甘肃地区联合辟谣平台,,中国互联网联合辟谣平台,"['点击', '真相']"
近期南京过江隧道多车连环追尾？,"点击,真相",江苏省互联网有害信息举报平台,,中国互联网联合辟谣平台,"['点击', '真相']"
江西发生“3·24”重大交通事故并公布调查报告？,"点击,真相",江西省互联网违法和不良信息举报中心,,中国互联网联合辟谣平台,"['点击', '真相']"
近期河南郑州一高校发生火灾？,"点击,真相",河南省网络辟谣平台,,中国互联网联合辟谣平台,"['点击', '真相']"
下雪天，青岛有洒水车上路“洒水”？,"点击,真相",山东互联网联合辟谣平台,,中国互联网联合辟谣平台,"['点击', '真相']"
新能源汽车比燃油车更容易起火燃烧？,"点击,真相",公众举报,,中国互联网联合辟谣平台,"['点击', '真相']"
酒醉驾判定标准要变了？,,公众举报,,中国互联网联合辟谣平台,['']
社保每缴满5年，养老金就进一档？,,公众举报,,中国互联网联合辟谣平台,['']
电商平台年终大促，扫码加群领大奖？,,上海辟谣平台,,中国互联网联合辟谣平台,['']
近期海南乐东有人偷小孩放在纸箱里导致窒息死亡？,,海南省互联网联合辟谣平台,,中国互联网联合辟谣平台,['']
“快充”对于新能源汽车的动力电池损害很大？,,公众举报,,中国互联网联合辟谣平台,['']
重庆养老待遇资格须在固定时间内认证？,,重庆市互联网举报中心,,中国互联网联合辟谣平台,['']
多类牙膏原料存致癌风险？,,公众举报,,中国互联网联合辟谣平台,['']
新能源汽车比燃油车污染还严重？,,公众举报,,中国互联网联合辟谣平台,['']
红枣与虾皮同吃会中毒？,标签,公众举报,,中国互联网联合辟谣平台,['标签']
近期青岛、济南、牡丹江等地发生车辆坠桥和落物“砸死人”事件？,"点击,真相",山东互联网联合辟谣平台,,中国互联网联合辟谣平台,"['点击', '真相']"
重庆预制板房2024年将迎来大拆迁？,"点击,真相",重庆市互联网举报中心,,中国互联网联合辟谣平台,"['点击', '真相']"
苏打水能调节身体酸碱平衡？,"点击,真相",公众举报,,中国互联网联合辟谣平台,"['点击', '真相']"
投靠朋友可获上海户口？ ,"点击,真相",上海辟谣平台,,中国互联网联合辟谣平台,"['点击', '真相']"
2023年广东移动下架4G套餐？ ,"点击,真相",广东网络辟谣平台,,中国互联网联合辟谣平台,"['点击', '真相']"
近期广西多地出现大量飞鸟盘旋天空是地震前兆？ ,"点击,真相",广西互联网辟谣平台,,中国互联网联合辟谣平台,"['点击', '真相']"
反季蔬菜没营养还不安全？,"点击,真相",公众举报,,中国互联网联合辟谣平台,"['点击', '真相']"
上海外卖小哥为28万彩礼加班活活累死？,"点击,真相",上海辟谣平台,,中国互联网联合辟谣平台,"['点击', '真相']"
多地可低价代缴采暖费？,"点击,真相",公众举报,,中国互联网联合辟谣平台,"['点击', '真相']"
近期四川广元南站将搬迁？,"点击,真相",四川互联网联合辟谣平台,,中国互联网联合辟谣平台,"['点击', '真相']"
使用“司美格鲁肽”能轻松减肥？,"点击,真相",公众举报,,中国互联网联合辟谣平台,"['点击', '真相']"
北京新增摩托车禁行路段？ ,"点击,真相",北京市违法和不良信息举报平台,,中国互联网联合辟谣平台,"['点击', '真相']"
外卖平台停止向45岁以上骑手派单？,"点击,真相",公众举报,,中国互联网联合辟谣平台,"['点击', '真相']"
近期兰州新区有学生失踪并发生人身伤害事故？,"点击,真相",甘肃地区联合辟谣平台,,中国互联网联合辟谣平台,"['点击', '真相']"
2023年北京“取消地价上限”？,"点击,真相",北京市违法和不良信息举报平台,,中国互联网联合辟谣平台,"['点击', '真相']"
近期广东居民阶梯电价进入“非夏季标准”，要涨价了？,"点击,真相",广东网络辟谣平台,,中国互联网联合辟谣平台,"['点击', '真相']"
23省44城自来水检出疑似致癌物？ ,"点击,真相",公众举报,,中国互联网联合辟谣平台,"['点击', '真相']"
生猪140天饲养周期内用34种抗生素？,"点击,真相",公众举报,,中国互联网联合辟谣平台,"['点击', '真相']"
近期重庆酉阳广场人贩子迷晕小孩？,"点击,真相",重庆市互联网举报中心,,中国互联网联合辟谣平台,"['点击', '真相']"
网传视频显示四川宜宾三江口有人非法捕捞？,"点击,真相",四川互联网联合辟谣平台,,中国互联网联合辟谣平台,"['点击', '真相']"
重庆公租房“不摇号直接分房”“一次申请永久居住”？,"点击,真相",重庆市互联网举报中心,,中国互联网联合辟谣平台,"['点击', '真相']"
“能量石”“保健石”可放心佩戴？,"点击,真相",公众举报,,中国互联网联合辟谣平台,"['点击', '真相']"
中日友好医院是日本人建的医院？,"点击,真相",公众举报,,中国互联网联合辟谣平台,"['点击', '真相']"
行人发生交通事故，斑马线外赔偿3万斑马线内赔偿30万？,"点击,真相",公众举报,,中国互联网联合辟谣平台,"['点击', '真相']"
多地将推行按“工龄退休”？,"点击,真相",公众举报,,中国互联网联合辟谣平台,"['点击', '真相']"
长沙交警执法时推倒电动车？ ,"点击,真相",湖南省互联网辟谣平台,,中国互联网联合辟谣平台,"['点击', '真相']"
天津出现肺吸虫病例已致数百人感染？,"点击,真相",天津市互联网联合辟谣平台,,中国互联网联合辟谣平台,"['点击', '真相']"
保定化粪池爆炸致1死5重伤30轻伤？,"点击,真相",河北网络辟谣平台,,中国互联网联合辟谣平台,"['点击', '真相']"
深圳地铁4号线高架桥衔接处出现裂缝？,"点击,真相",广东网络辟谣平台,,中国互联网联合辟谣平台,"['点击', '真相']"
2024年职工医保缴费将不再划入个人账户？,"点击,真相",公众举报,,中国互联网联合辟谣平台,"['点击', '真相']"
近期西南大学药学院发生爆炸？,,重庆市互联网举报中心,,中国互联网联合辟谣平台,['']
近期江苏无锡一工厂发生爆燃，2人死亡？,,江苏省互联网有害信息举报平台,,中国互联网联合辟谣平台,['']
中储粮决定停止对外收购玉米？,,公众举报,,中国互联网联合辟谣平台,['']
身份证和手机放在一起会被消磁？,,公众举报,,中国互联网联合辟谣平台,['']
向浙江省嘉兴市红十字会捐款可返利？,,浙江辟谣平台,,中国互联网联合辟谣平台,['']
安徽泾县发生校园暴力事件致多名小学生受伤？,,安徽网络辟谣平台,,中国互联网联合辟谣平台,['']
上海要申办2036年夏季奥运会？,,上海辟谣平台,,中国互联网联合辟谣平台,['']
广州地铁遭受恐怖袭击？,,广东网络辟谣平台,,中国互联网联合辟谣平台,['']
苏锡常将设立“经济特区”？,,江苏省互联网有害信息举报平台,,中国互联网联合辟谣平台,['']
蘑菇和茄子一起吃会中毒？,,公众举报,,中国互联网联合辟谣平台,['']
护照号码EL开头的为失信人员？,"点击,真相",公众举报,,中国互联网联合辟谣平台,"['点击', '真相']"
大连核辐射值超出预期？,"点击,真相",辽宁省互联网辟谣平台,,中国互联网联合辟谣平台,"['点击', '真相']"
民政部养老服务司招聘线上养老服务志愿者？,"点击,真相",公众举报,,中国互联网联合辟谣平台,"['点击', '真相']"
网传G60沪昆高速车辆事故部分视频不实,"点击,真相",浙江辟谣平台,,中国互联网联合辟谣平台,"['点击', '真相']"
南京长江隧道漏水了？,"点击,真相",江苏省互联网有害信息举报平台,,中国互联网联合辟谣平台,"['点击', '真相']"
一所985大学将落户南昌红谷滩?,"点击,真相",江西省互联网违法和不良信息举报中心,,中国互联网联合辟谣平台,"['点击', '真相']"
第三方平台加速包能优先购买火车票？,"点击,真相",公众举报,,中国互联网联合辟谣平台,"['点击', '真相']"
晚上吃生姜等同于砒霜？,"点击,真相",公众举报,,中国互联网联合辟谣平台,"['点击', '真相']"
2023年中国工程院将创建大学？,"点击,真相",公众举报,,中国互联网联合辟谣平台,"['点击', '真相']"
国家自然科学基金委员会成立“试点社区”？,,公众举报,,中国互联网联合辟谣平台,['']
重庆市政府决定各级最低工资标准减少5%？,,重庆市互联网举报中心,,中国互联网联合辟谣平台,['']
银川一洒水车司机见义勇为却被罚5000元？,,公众举报,,中国互联网联合辟谣平台,['']
看莲藕孔数就能判断口感？,,公众举报,,,['']
北京市房山区一河道内惊现碎金？,,北京市违法和不良信息举报平台,,中国互联网联合辟谣平台,['']
多地发生“拿100元骗孩子上车带路”事件？,,天津市互联网联合辟谣平台,,中国互联网联合辟谣平台,['']
收到“医保系统升级”短信需点击链接补交材料？,,公众举报,,中国互联网联合辟谣平台,['']
近期云南一女大学生失踪遇害？,,云南省互联网违法和不良信息举报中心,,中国互联网联合辟谣平台,['']
浙江丽水机场2023年9月正式通航？,,浙江辟谣平台,,中国互联网联合辟谣平台,['']
亚运会期间浙江快递要停发？,,浙江辟谣平台,,中国互联网联合辟谣平台,['']
上海浦东新区川沙附近有毒气泄漏，相关路段要封路一个月？,,上海辟谣平台,,中国互联网联合辟谣平台,['']
食用含碘盐可防核辐射？,,公众举报,,中国互联网联合辟谣平台,['']
2023年8月开始，银行将永久冻结部分存款账户？,"点击,真相",上海辟谣平台,,中国互联网联合辟谣平台,"['点击', '真相']"
2023年9月起，办理大额存款业务需证明？,"点击,真相",公众举报,,中国互联网联合辟谣平台,"['点击', '真相']"
受日本核污染水排海影响，要赶紧囤盐？,"点击,真相",公众举报,,中国互联网联合辟谣平台,"['点击', '真相']"
 8月18日浙江象山一房屋倒塌？,"点击,真相",浙江辟谣平台,,中国互联网联合辟谣平台,"['点击', '真相']"
8月22日济南一大楼着火了？,"点击,真相",济南互联网联合辟谣平台,,中国互联网联合辟谣平台,"['点击', '真相']"
青岛火车站停运了？,"点击,真相",青岛互联网联合辟谣平台,,中国互联网联合辟谣平台,"['点击', '真相']"
“贵州省互联网信息服务中心”通知企业上传资料以解除举报？,,贵州省互联网违法和不良信息举报中心,,中国互联网联合辟谣平台,['']
湖北汉川有人拿100元感谢费骗小孩上车带路？,"点击,真相",湖北网络辟谣平台,,中国互联网联合辟谣平台,"['点击', '真相']"
中基协向投资机构发送“罚款、关闭出金通道、注销账户”的《纪律处分决定书》？,"点击,真相",公众举报,,中国互联网联合辟谣平台,"['点击', '真相']"
8月18日青岛崂山风景区有人“坠山”？,"点击,真相",青岛互联网联合辟谣平台,,中国互联网联合辟谣平台,"['点击', '真相']"
深圳现大量断供房？,,广东网络辟谣平台,,中国互联网联合辟谣平台,['']
“地震云”是地震的先兆？,,公众举报,,中国互联网联合辟谣平台,['']
剧烈运动后洗冷水澡？,,公众举报,,中国互联网联合辟谣平台,['']
持续强降雨导致卢沟桥坍塌？,,北京市违法和不良信息举报平台,,中国互联网联合辟谣平台,['']
上海顾村公园4人树下躲雨被雷劈死？,,上海辟谣平台,,中国互联网联合辟谣平台,['']
国家金融监督管理总局发布有关“清退”“兑付”通知？,,公众举报,,中国互联网联合辟谣平台,['']
成都大运会双杠赛设施撑垮险酿事故？,,四川互联网联合辟谣平台,,中国互联网联合辟谣平台,['']
在“中国人民银行”APP上存款任意金额，每日利息2%？,"点击,真相",公众举报,,中国互联网联合辟谣平台,"['点击', '真相']"
台风“杜苏芮”登陆，泉州惠安一海滩吹上来一只鲸鱼？,"点击,真相",福建辟谣,,中国互联网联合辟谣平台,"['点击', '真相']"
福州仓山区因“杜苏芮”台风出人命？,"点击,真相",福建辟谣,,中国互联网联合辟谣平台,"['点击', '真相']"
近日温州永嘉多地发生洪水损失严重？,"点击,真相",浙江辟谣平台,,中国互联网联合辟谣平台,"['点击', '真相']"
近日西安某小区内有大型猛犬吃小孩？,"点击,真相",陕西省互联网联合辟谣平台,,中国互联网联合辟谣平台,"['点击', '真相']"
中国人民银行工作人员可帮忙关闭贷款App额度？,,公众举报,,中国互联网联合辟谣平台,['']
今年西安中考有四万“回流生”？,,西安市互联网违法和不良信息举报中心,,中国互联网联合辟谣平台,['']
近日上海南站发现弃婴？,,上海辟谣平台,,中国互联网联合辟谣平台,['']
教育部责令校外培训机构进行退费？,,公众举报,,中国互联网联合辟谣平台,['']
杭州因举行亚运会将于9月10日至25日放假？,"点击,真相",浙江辟谣平台,,中国互联网联合辟谣平台,"['点击', '真相']"
在“国家电网”App中交电费有分红收益？,"点击,真相",公众举报,,中国互联网联合辟谣平台,"['点击', '真相']"
“农管”不让村民种瓜种菜、在自家院子晒被子,"点击,真相",公众举报,,中国互联网联合辟谣平台,"['点击', '真相']"
云南一男子上山拾菌遇老虎？,"点击,真相",云南省互联网违法和不良信息举报中心,,中国互联网联合辟谣平台,"['点击', '真相']"
长期喝“有水垢的水”会得肾结石？,"点击,真相",公众举报,,中国互联网联合辟谣平台,"['点击', '真相']"
新疆旅游旺季各景区及旅行社收费将上涨？,"点击,真相",新疆互联网联合辟谣平台,,中国互联网联合辟谣平台,"['点击', '真相']"
7月15日珠海大桥发生抛尸案？,,广东网络辟谣平台,,中国互联网联合辟谣平台,['']
年薪百万招聘天津航空飞行员？,"点击,真相",天津市互联网联合辟谣平台,,中国互联网联合辟谣平台,"['点击', '真相']"
7月初有一架直升机在江苏宿迁泗洪坠毁？,"点击,真相",江苏省互联网有害信息举报平台,,中国互联网联合辟谣平台,"['点击', '真相']"
四川乐山售卖假冒矿泉水？,"点击,真相",四川互联网联合辟谣平台,,中国互联网联合辟谣平台,"['点击', '真相']"
国家有“退林还耕”政策？,"点击,真相",微博,,中国互联网联合辟谣平台,"['点击', '真相']"
网传图片显示三峡大坝“着火”和“决堤”？,"点击,真相",公众举报,,中国互联网联合辟谣平台,"['点击', '真相']"
6月25日泉州突发山体滑坡淹没公路？,"点击,真相",福建辟谣,,中国互联网联合辟谣平台,"['点击', '真相']"
成都大运会期间全市在建工程项目全部停工？,"点击,真相",四川互联网联合辟谣平台,,中国互联网联合辟谣平台,"['点击', '真相']"
黄瓜顶部带花是因为打了激素，不能吃？,"点击,真相",公众举报,,中国互联网联合辟谣平台,"['点击', '真相']"
国铁集团授权“八纵八横 ”APP推出理财产品？,"点击,真相",公众举报,,中国互联网联合辟谣平台,"['点击', '真相']"
上海医院门诊检查出猴痘飞沫传染？,"点击,真相",上海辟谣平台,,中国互联网联合辟谣平台,"['点击', '真相']"
父亲是“老赖”导致女儿710分落榜？,"点击,真相",公众举报,,中国互联网联合辟谣平台,"['点击', '真相']"
中国商飞发布“C919私募基金”等投资理财项目？,"点击,真相",公众举报,,中国互联网联合辟谣平台,"['点击', '真相']"
三部门联合发文将发放家庭农场等涉农补贴？,"点击,真相",公众举报,,中国互联网联合辟谣平台,"['点击', '真相']"
成都第四医院围墙垮塌，精神病患者跑到大街上？,"点击,真相",成都网络辟谣,,中国互联网联合辟谣平台,"['点击', '真相']"
顶级中国科学家接受BBC采访称“不该排除实验室泄漏新冠病毒”？,"点击,真相",公众举报,,中国互联网联合辟谣平台,"['点击', '真相']"
财政部发行金融债券？,"点击,真相",抖音,,中国互联网联合辟谣平台,"['点击', '真相']"
樱桃核有毒，误食会被毒晕？,"点击,真相",公众举报,,中国互联网联合辟谣平台,"['点击', '真相']"
北京即将禁止京A摩托车牌照过户？,"点击,真相",北京市违法和不良信息举报平台,,中国互联网联合辟谣平台,"['点击', '真相']"
济南居民用电，早晚电价不同？,"点击,真相",山东互联网联合辟谣平台,,中国互联网联合辟谣平台,"['点击', '真相']"
上海中山医院急诊科100位医护人员感染新冠阳性？,"点击,真相",上海辟谣平台,,中国互联网联合辟谣平台,"['点击', '真相']"
社保卡有多种颜色，不同颜色用途不同？,,公众举报,,中国互联网联合辟谣平台,['']
安徽巢湖柘皋打捞出一架战斗机？,,公众举报,,中国互联网联合辟谣平台,['']
有“国家补短板强弱项领导小组”设立专项补贴？,,公众举报,,中国互联网联合辟谣平台,['']
八达岭长城景区卖“天价”矿泉水？,,北京市违法和不良信息举报平台,,中国互联网联合辟谣平台,['']
深圳医保统筹额度再不花，6月底就“清零”？,,公众举报,,中国互联网联合辟谣平台,['']
四川省凉山州宁南县、云南省等地5月发生重大地质灾害？,,公众举报,,中国互联网联合辟谣平台,['']
“朋友圈出租”一条就能赚100元？,备用,公众举报,,中国互联网联合辟谣平台,['备用']
喝苏打水能治疗高尿酸？,备用,公众举报,,中国互联网联合辟谣平台,['备用']
富氧水可以为身体补充氧气？,备用,公众举报,,中国互联网联合辟谣平台,['备用']
人最多感染8次新冠？,备用,公众举报,,中国互联网联合辟谣平台,['备用']
西安25岁患癌消防员需要帮助？,谣言,陕西省互联网联合辟谣平台,,中国互联网联合辟谣平台,['谣言']
杨梅连核一起吃可以清肠解毒？,谣言,公众举报,,中国互联网联合辟谣平台,['谣言']
高温烹饪使用味精可致癌？,谣言,公众举报,,中国互联网联合辟谣平台,['谣言']
云南村民被骗到缅北割腰子？,谣言,云南省互联网违法和不良信息举报中心,,中国互联网联合辟谣平台,['谣言']
有网民为“婆孙平移插队”视频购买5万元流量增加热度？,谣言,抖音,,中国互联网联合辟谣平台,['谣言']
考取“社工证”后“包分配、优先录取为公务员”？,谣言,上海辟谣平台,,中国互联网联合辟谣平台,['谣言']
重庆渝北一小学生被人贩子扎针后昏迷？,谣言,重庆市互联网举报中心,,中国互联网联合辟谣平台,['谣言']
淄博取消城管？,,山东互联网联合辟谣平台,,中国互联网联合辟谣平台,['']
杭州购二套房无需落户满5年？,,公众举报,,中国互联网联合辟谣平台,['']
南昌23中教师要求学生在南昌八一起义纪念馆购买高价纪念品？,,江西省互联网违法和不良信息举报中心,,中国互联网联合辟谣平台,['']
淄博、德州个体工商户有机会申领1万元创业补助？,,山东互联网联合辟谣平台,,中国互联网联合辟谣平台,['']
南京一小区因手机起火引发燃气爆炸？,,江苏省互联网有害信息举报平台,,中国互联网联合辟谣平台,['']
中国“时间银行”上市？,,公众举报,,中国互联网联合辟谣平台,['']
吃大蒜能杀灭幽门螺杆菌？,,公众举报,,中国互联网联合辟谣平台,['']
猪血鸭血能清除肺部吸入的粉尘？,,公众举报,,中国互联网联合辟谣平台,['']
成都大运会招募志愿者，按月发放补贴？,,四川互联网联合辟谣平台,,中国互联网联合辟谣平台,['']
拍口腔牙片有辐射会致癌？,,公众举报,,中国互联网联合辟谣平台,['']
腐乳有霉菌，吃了会致癌？,,公众举报,,中国互联网联合辟谣平台,['']
青海沙柳河发现野生大熊猫？,,公众举报,,中国互联网联合辟谣平台,['']
微波炉加热食物会致癌？,,公众举报,,中国互联网联合辟谣平台,['']
杭州建德、淳安划归衢州？,,浙江辟谣平台,,中国互联网联合辟谣平台,['']
国家发改委开展“发放统一大市场建设卡”“招聘全国统一大市场优秀宣传员”活动？,,公众举报,,中国互联网联合辟谣平台,['']
年轻人长期熬夜会长老年斑？,,公众举报,,中国互联网联合辟谣平台,['']
四川德阳中江某河面冒气泡是地震前兆？,,四川互联网联合辟谣平台,,中国互联网联合辟谣平台,['']
北京西城多所学校现场收小升初简历？,,北京市违法和不良信息举报平台,,中国互联网联合辟谣平台,['']
天津有一婴儿被丢在垃圾桶里？,,天津市互联网联合辟谣平台,,中国互联网联合辟谣平台,['']
指甲上的月牙越多身体越健康，月牙越少身体越差？,,公众举报,,中国互联网联合辟谣平台,['']
教育部发通知，2023年高考难度大调整？,,公众举报,,中国互联网联合辟谣平台,['']
重庆居民目前使用分时电价计费？,,重庆市互联网举报中心,,中国互联网联合辟谣平台,['']
上海有医生感染禽流感死亡,,上海辟谣平台,,中国互联网联合辟谣平台,['']
中国遭虫雨袭击？,谣言,微博,,中国互联网联合辟谣平台,['谣言']
汝州丢失三个孩子，次日器官被转运？,谣言,河南省网络辟谣平台,,中国互联网联合辟谣平台,['谣言']
西安可由机构或个人收费代办申请保障性住房？,谣言,陕西省互联网联合辟谣平台,,中国互联网联合辟谣平台,['谣言']
量子美容可除皱抗衰老？,谣言,公众举报,,中国互联网联合辟谣平台,['谣言']
社保缴费满15年就可以不缴了？,谣言,公众举报,,中国互联网联合辟谣平台,['谣言']
互联网上“早安问好”等图片要收费?,谣言,公众举报,,中国互联网联合辟谣平台,['谣言']
阳过了就可以不戴口罩了？,谣言,公众举报,,中国互联网联合辟谣平台,['谣言']
柑橘喷洒保鲜剂有害健康不能吃？,,公众举报,,中国互联网联合辟谣平台,['']
银保监会给贷款申请人发红头文件？,谣言,公众举报,,中国互联网联合辟谣平台,['谣言']
3月5日武汉大学开放樱花预约通道？,谣言,湖北网络辟谣平台,,中国互联网联合辟谣平台,['谣言']
不吃早餐有助于减肥？,谣言,公众举报,,中国互联网联合辟谣平台,['谣言']
中国将向教培公司发放牌照恢复课外辅导？,谣言,公众举报,,中国互联网联合辟谣平台,['谣言']
2023年一季度可领个人劳动补贴？,,北京市违法和不良信息举报平台,,中国互联网联合辟谣平台,['']
慈善主播发千元现金？,,四川互联网联合辟谣平台,,中国互联网联合辟谣平台,['']
“清华大学”喊你去培训？,,福建辟谣,,中国互联网联合辟谣平台,['']
山东菏泽发现汉朝古墓？,,山东互联网联合辟谣平台,,中国互联网联合辟谣平台,['']
杭州取消机动车尾号限行？,,浙江辟谣平台,,中国互联网联合辟谣平台,['']
济南东站高铁着火？,,济南互联网联合辟谣平台,,中国互联网联合辟谣平台,['']
人老了眼花是正常现象？,,公众举报,,中国互联网联合辟谣平台,['']
白头发“拔一根长十根”？,,公众举报,,中国互联网联合辟谣平台,['']
4月1日起实施新交规？,,江苏省互联网有害信息举报平台,,中国互联网联合辟谣平台,['']
5月1日起征信可以修复？,,湖北网络辟谣平台,,中国互联网联合辟谣平台,['']
南京飞鸟聚集是地震前兆？,,江苏省互联网有害信息举报平台,,中国互联网联合辟谣平台,['']
2000元日薪招聘凶宅试睡员？,,公众举报,,中国互联网联合辟谣平台,['']
法华寺月薪8万元招和尚？,,浙江辟谣平台,,中国互联网联合辟谣平台,['']
南昌市以政府名义运营“文化南昌”APP开展网络集资？,,南昌市互联网违法和不良信息举报中心,,中国互联网联合辟谣平台,['']
江西女友索要1888万彩礼？,,北京市违法和不良信息举报平台,,中国互联网联合辟谣平台,['']
黑心商家用甲醛浸泡粉条提升保质期？,,公众举报,,中国互联网联合辟谣平台,['']
兰州大学教授抢打火机？,,甘肃地区联合辟谣平台,,中国互联网联合辟谣平台,['']
厦门大学永久性对外关闭？,,福建辟谣,,中国互联网联合辟谣平台,['']
哈尔滨一高校教学楼地下有“超电磁炮”？,,黑龙江省互联网违法和不良信息举报中心,,中国互联网联合辟谣平台,['']
褪黑素是“纯天然”安眠药？,,公众举报,,中国互联网联合辟谣平台,['']
糖尿病人可以放心吃无糖元宵？,,公众举报,,中国互联网联合辟谣平台,['']
退休人员可领取医保一次性差额补贴，过期将被清除？,,公众举报,,中国互联网联合辟谣平台,['']
女方索要高价彩礼导致男方母亲轻生？,,公众举报,,中国互联网联合辟谣平台,['']
新冠痊愈标准是能憋气40秒？,,公众举报,,中国互联网联合辟谣平台,['']
《满江红》被教材删除？,,微博,,中国互联网联合辟谣平台,['']
保温杯泡茶会致癌？,,公众举报,,中国互联网联合辟谣平台,['']
下载第三方交易平台可退教培费？,,公众举报,,中国互联网联合辟谣平台,['']
草莓是最脏的水果？,,公众举报,,中国互联网联合辟谣平台,['']
民政局离婚队伍排到门外？,,安徽网络辟谣平台,,中国互联网联合辟谣平台,['']
商户年度报备要收费？,,山东互联网联合辟谣平台,,中国互联网联合辟谣平台,['']
新冠病毒是“小号艾滋”？,,公众举报,,中国互联网联合辟谣平台,['']
新华医院合川分院有人感染H7N9病毒死亡？,,上海辟谣平台,,中国互联网联合辟谣平台,['']
国六B汽油保质期只有30天？,,微博,,中国互联网联合辟谣平台,['']
新加坡发现新冠感染不是病毒引起的？,,微博,,中国互联网联合辟谣平台,['']
燃放烟花爆竹能消毒？,,公众举报,,中国互联网联合辟谣平台,['']
饮高度酒可以对抗新冠病毒？,,公众举报,,中国互联网联合辟谣平台,['']
新冠“转阴”后，要换掉牙刷等生活用品？,,公众举报,,中国互联网联合辟谣平台,['']
服用布洛芬治疗新冠高热会提高死亡率？,,公众举报,,中国互联网联合辟谣平台,['']
多地网传今年1月退休人员不认证即停发养老金？,,微博,,中国互联网联合辟谣平台,['']
病毒学博士5天内两次感染两种不同毒株？,,公众举报,,中国互联网联合辟谣平台,['']
上海浦东某小区有人焚尸？,,公众举报,,中国互联网联合辟谣平台,['']
紫外线、红外线能用于疫情期间居家消杀，0.3秒降低新冠病毒传染致病性？,,公众举报,,中国互联网联合辟谣平台,['']
国家要求快递业1月8日停业？,,公众举报,,中国互联网联合辟谣平台,['']
感染新冠病毒后可按“吃药顺序图”服药？,,公众举报,,中国互联网联合辟谣平台,['']
红糖、生姜、大葱白、蒜熬水可预防新冠病毒？,,公众举报,,中国互联网联合辟谣平台,['']
ETC车主需核验身份，否则“超期限用”？,,北京市违法和不良信息举报平台,,中国互联网联合辟谣平台,['']
北京市自来水阳了？,,北京市违法和不良信息举报平台,,中国互联网联合辟谣平台,['']
“白肺”与感染了新冠原始毒株、接种疫苗有关？,,公众举报,,中国互联网联合辟谣平台,['']
北京流行的新冠是德尔塔？,,北京市违法和不良信息举报平台,,中国互联网联合辟谣平台,['']
花2000元考核酸采样员证书，没上岗就失业？,,山西互联网联合辟谣平台,,中国互联网联合辟谣平台,['']
普通口罩打个结就成N95？,,公众举报,,中国互联网联合辟谣平台,['']
网传夫妻搭台假扮“大白”用红墨水做核酸？,,百度,,中国互联网联合辟谣平台,['']
"<a href=""https://www.piyao.org.cn/2022-09/28/c_1211687508.htm"" target=""_blank"">适量饮酒可以抵抗新冠肺炎病毒</a>",,微博,,中国互联网联合辟谣平台,['']
西安、长沙长安郡小区一儿童新冠病毒并发症去世？,,微博,,中国互联网联合辟谣平台,['']
硫酸铜鱼大量流入市场，渔民自己都不敢吃？,,公众举报,,中国互联网联合辟谣平台,['']
北京小客车指标会过期？,,北京市违法和不良信息举报平台,,中国互联网联合辟谣平台,['']
健康码存在异常需要认证，否则将于二十四小时后变黄码？,,公众举报,,中国互联网联合辟谣平台,['']
国务院联防联控小组正式摘牌？,,国家卫生健康委宣传司,,中国互联网联合辟谣平台,['']
供销社重启、重返计划经济时代？,,公众举报,,中国互联网联合辟谣平台,['']
广电总局推出5G主播扶持计划？,,公众举报,,中国互联网联合辟谣平台,['']
北京站建站63年来第一次闭站？,,公众举报,,中国互联网联合辟谣平台,['']
重庆北站“羊儿客”拉人到方舱医院有补贴？,,重庆市互联网举报中心,,中国互联网联合辟谣平台,['']
浙江杭州有人赌球输千万后跳楼？,,公众举报,,中国互联网联合辟谣平台,['']
食用菠萝会导致肾衰竭？,,公众举报,,中国互联网联合辟谣平台,['']
吃橘子后做核酸会致新冠病毒核酸检测呈阳性？,,公众举报,,中国互联网联合辟谣平台,['']
云南普洱女子被12人轮流棍击？,,公众举报,,中国互联网联合辟谣平台,['']
市场上使用甲醛浸泡果蔬保鲜？,,公众举报,,中国互联网联合辟谣平台,['']
12月1日起，安徽、山东青岛电费要涨价？,,公众举报,,中国互联网联合辟谣平台,['']
北京自来水需静置两小时以上再用？,,公众举报,,中国互联网联合辟谣平台,['']
天津市疫情防控十条措施的紧急通知？,,公众举报,,中国互联网联合辟谣平台,['']
武汉市“第1号通告”武汉暂停客运？,,公众举报,,中国互联网联合辟谣平台,['']
"<a href=""https://www.piyao.org.cn/2022-11/23/c_1211703632.htm"" target=""_blank"">撞树锻炼可以强身健体</a>","撞树,锻炼,养生",今日头条,,中国互联网联合辟谣平台,"['撞树', '锻炼', '养生']"
"<a href=""https://www.piyao.org.cn/2022-11/23/c_1211703652.htm"" target=""_blank"">嚼槟榔没有健康风险，还能养生</a>",,今日头条,,中国互联网联合辟谣平台,['']
"<a href=""https://www.piyao.org.cn/2022-11/23/c_1211703656.htm"" target=""_blank"">广东有人被封控在公厕内</a>",,微博,,中国互联网联合辟谣平台,['']
"<a href=""https://www.piyao.org.cn/2022-11/23/c_1211703634.htm"" target=""_blank"">上海、山东有人借上门免费清洗油烟机为拐卖儿童踩点</a>","上海,山东,油烟机,拐卖",上海辟谣平台,,中国互联网联合辟谣平台,"['上海', '山东', '油烟机', '拐卖']"
"<a href=""https://www.piyao.org.cn/2022-11/16/c_1211701384.htm"" target=""_blank"">天津河北区老太太主动送口罩迷晕拐走男孩</a>",,天津市互联网联合辟谣平台,,中国互联网联合辟谣平台,['']
"<a href=""https://www.piyao.org.cn/2022-11/16/c_1211701389.htm"" target=""_blank"">医疗保险提醒验证账户，不验证自动作废</a>",,微博,,中国互联网联合辟谣平台,['']
"<a href=""https://www.piyao.org.cn/2022-11/16/c_1211701396.htm"" target=""_blank"">山东德州黄河涯乡出现一偷了20个小孩的团伙</a>",,微博,,中国互联网联合辟谣平台,['']
"<a href=""https://www.piyao.org.cn/2022-11/16/c_1211701392.htm"" target=""_blank"">从左侧胳膊抽血输液容易导致心肌梗死</a>",,公众举报,,中国互联网联合辟谣平台,['']
"<a href=""https://www.piyao.org.cn/2022-11/09/c_1211699209.htm"" target=""_blank"">常喝葡萄酒能保护心脏</a>",,公众举报,,中国互联网联合辟谣平台,['']
奥密克戎病毒更名为新型冠状病毒感冒？,,公众举报,,中国互联网联合辟谣平台,['']
"<a href=""https://www.piyao.org.cn/2022-11/09/c_1211699207.htm"" target=""_blank"">辽宁鞍山一小区十人被杀</a>",,辽宁省互联网辟谣平台,,中国互联网联合辟谣平台,['']
"<a href=""https://www.piyao.org.cn/2022-11/09/c_1211699206.htm"" target=""_blank"">腊肉存放越久越好吃</a>",,今日头条,,中国互联网联合辟谣平台,['']
"<a href=""https://www.piyao.org.cn/2022-11/09/c_1211699212.htm"" target=""_blank"">喝反复烧开的水致癌</a>",,百度,,中国互联网联合辟谣平台,['']
"<a href=""https://www.piyao.org.cn/2022-11/04/c_1211697800.htm"" target=""_blank"">西安市回民街区域发烧人群剧增</a>",,微博,,中国互联网联合辟谣平台,['']
"<a href=""https://www.piyao.org.cn/2022-11/04/c_1211697633.htm"" target=""_blank"">网传“疫情期间每天可领取补贴”</a>",,公众举报,,中国互联网联合辟谣平台,['']
"<a href=""https://www.piyao.org.cn/2022-11/04/c_1211697803.htm"" target=""_blank"">平顶山巨响为陨石坠落</a>",,微博,,中国互联网联合辟谣平台,['']
"<a href=""https://www.piyao.org.cn/2022-11/04/c_1211697630.htm"" target=""_blank"">11月5日起郑州高校学生分批离校</a>",,微博,,中国互联网联合辟谣平台,['']
"<a href=""https://www.piyao.org.cn/2022-11/02/c_1211697053.htm"" target=""_blank"">中国远洋渔业过度捕捞、破坏海洋生态</a>",,公众举报,,中国互联网联合辟谣平台,['']
"<a href=""https://www.piyao.org.cn/2022-11/02/c_1211697064.htm"" target=""_blank"">大量海肠上岸属于“异常现象”</a>",,烟台互联网联合辟谣平台,,中国互联网联合辟谣平台,['']
"<a href=""https://www.piyao.org.cn/2022-11/02/c_1211697065.htm"" target=""_blank"">“飞机喷洒打药”“全城消杀”</a>",,公众举报,,中国互联网联合辟谣平台,['']
"<a href=""https://www.piyao.org.cn/2022-10/28/c_1211695650.htm"" target=""_blank"">福州要封城了</a>",,微博,,中国互联网联合辟谣平台,['']
"<a href=""https://www.piyao.org.cn/2022-10/28/c_1211695646.htm"" target=""_blank"">男子因确诊阳性被吊车吊起转移</a>",,公众举报,,中国互联网联合辟谣平台,['']
"<a href=""https://www.piyao.org.cn/2022-10/28/c_1211695658.htm"" target=""_blank"">广西南宁老奶奶市场卖鸡蛋遭管理员毒打</a>",,公众举报,,中国互联网联合辟谣平台,['']
"<a href=""https://www.piyao.org.cn/2022-10/27/c_1211695308.htm"" target=""_blank"">上海一医院要求骨折儿童四次核酸才能手术</a>","上海,骨折儿童,四次核酸,手术,辟谣",公众举报,,中国互联网联合辟谣平台,"['上海', '骨折儿童', '四次核酸', '手术', '辟谣']"
"<a href=""https://www.piyao.org.cn/2022-10/27/c_1211695257.htm"" target=""_blank"">上海严重缺水，自来水水质不达标，超标4倍</a>","上海,水质,不达标,辟谣",公众举报,,中国互联网联合辟谣平台,"['上海', '水质', '不达标', '辟谣']"
"<a href=""https://www.piyao.org.cn/2022-10/27/c_1211695258.htm"" target=""_blank"">蚝油里的谷氨酸钠一定会致癌</a>","蚝油,致癌 ,辟谣",公众举报,,中国互联网联合辟谣平台,"['蚝油', '致癌 ', '辟谣']"
"<a href=""https://www.piyao.org.cn/2022-10/27/c_1211695290.htm"" target=""_blank"">有人传谣称“死鸟传播猴痘病毒”</a>","死鸟,猴痘病毒,辟谣",公众举报,,中国互联网联合辟谣平台,"['死鸟', '猴痘病毒', '辟谣']"
"<a href=""https://www.piyao.org.cn/2022-10/27/c_1211695274.htm"" target=""_blank"">棕榈油会促进癌症转移</a>",,公众举报,,中国互联网联合辟谣平台,['']
"<a href=""https://www.piyao.org.cn/2022-10/27/c_1211695281.htm"" target=""_blank"">吃冷冻肉对身体一定有害</a>",,快手,,中国互联网联合辟谣平台,['']
"<a href=""https://www.piyao.org.cn/2022-10/27/c_1211695285.htm"" target=""_blank"">喝酒能助眠</a>",,快手,,中国互联网联合辟谣平台,['']
"<a href=""https://www.piyao.org.cn/2022-10/27/c_1211695286.htm"" target=""_blank"">吃苦瓜能降血糖</a>",,腾讯新闻较真,,中国互联网联合辟谣平台,['']
"<a href=""https://www.piyao.org.cn/2022-10/27/c_1211695287.htm"" target=""_blank"">水垢进入身体后会形成结石</a>",,快手,,中国互联网联合辟谣平台,['']
"<a href=""https://www.piyao.org.cn/2022-10/27/c_1211695291.htm"" target=""_blank"">维生素B1的水溶液可以驱蚊</a>",,快手,,中国互联网联合辟谣平台,['']
"<a href=""https://www.piyao.org.cn/2022-10/27/c_1211695294.htm"" target=""_blank"">小鱼足疗对脚气等多种脚部疾病有好处</a>","小鱼足疗,脚气,好处,辟谣",公众举报,,中国互联网联合辟谣平台,"['小鱼足疗', '脚气', '好处', '辟谣']"
"<a href=""https://www.piyao.org.cn/2022-10/12/c_1211692014.htm"" target=""_blank"">螃蟹不能和柿子一起吃</a>","螃蟹,柿子,辟谣",公众举报,,中国互联网联合辟谣平台,"['螃蟹', '柿子', '辟谣']"
"<a href=""https://www.piyao.org.cn/2022-10/12/c_1211692016.htm"" target=""_blank"">穿“摇摇鞋”走就能瘦</a>",,公众举报,,中国互联网联合辟谣平台,['']
"<a href=""https://www.piyao.org.cn/2022-10/12/c_1211692015.htm"" target=""_blank"">大豆会导致儿童性早熟，成年人得乳腺增生或乳腺癌</a>","大豆,乳腺增生,辟谣",公众举报,,中国互联网联合辟谣平台,"['大豆', '乳腺增生', '辟谣']"
"<a href=""https://www.piyao.org.cn/2022-10/12/c_1211692013.htm"" target=""_blank"">四川宜宾一上午确诊250人</a>",,公众举报,,中国互联网联合辟谣平台,['']
"<a href=""https://www.piyao.org.cn/2022-10/12/c_1211692021.htm"" target=""_blank"">上海全市中小学生停止线下教学，改上网课</a>",,上海辟谣平台,,中国互联网联合辟谣平台,['']
"<a href=""https://www.piyao.org.cn/2022-10/12/c_1211692026.htm"" target=""_blank"">有政策支持滞留新疆旅客可留疆就业</a>",,新疆互联网联合辟谣平台,,中国互联网联合辟谣平台,['']
"<a href=""https://www.piyao.org.cn/2022-10/12/c_1211692027.htm"" target=""_blank"">吃秋葵能降血糖</a>",,公众举报,,中国互联网联合辟谣平台,['']
"<a href=""https://www.piyao.org.cn/2022-10/12/c_1211692108.htm"" target=""_blank"">上海游客遇新疆疫情变身葡萄采摘工</a>",,新疆互联网联合辟谣平台,,中国互联网联合辟谣平台,['']
"<a href=""https://www.piyao.org.cn/2022-10/12/c_1211692017.htm"" target=""_blank"">精加工大米会引发多种疾病</a>","精加工大米,疾病,辟谣",公众举报,,中国互联网联合辟谣平台,"['精加工大米', '疾病', '辟谣']"
"<a href=""https://www.piyao.org.cn/2022-10/12/c_1211692035.htm"" target=""_blank"">离开公共场所时再扫一次场所码能够证明“已经出门”</a>",,上海辟谣平台,,中国互联网联合辟谣平台,['']
"<a href=""https://www.piyao.org.cn/2022-09/24/c_1211686920.htm"" target=""_blank"">核酸采样棉签有毒</a>","采样,拭子,检测,无菌,医疗,器械,使用,荧光,核酸,纤维",微博、上海辟谣平台,,中国互联网联合辟谣平台,"['采样', '拭子', '检测', '无菌', '医疗', '器械', '使用', '荧光', '核酸', '纤维']"
"<a href=""https://www.piyao.org.cn/2022-09/24/c_1211687400.htm"" target=""_blank"">人教版中小学语文教材中鲁迅作品被删</a>","鲁迅,语文,教材,作品,统编,选入,人民教育出版社,教科书,中小学,先生",微博,,中国互联网联合辟谣平台,"['鲁迅', '语文', '教材', '作品', '统编', '选入', '人民教育出版社', '教科书', '中小学', '先生']"
"<a href=""https://www.piyao.org.cn/2022-09/24/c_1211687507.htm"" target=""_blank"">国产食盐里的亚铁氰化钾有毒</a>",,微博,,中国互联网联合辟谣平台,['']
"<a href=""https://www.piyao.org.cn/2022-09/28/c_1211687112.htm"" target=""_blank"">张华银录取通知书掉在103路公交车上</a>",,抖音,,中国互联网联合辟谣平台,['']
"<a href=""https://www.piyao.org.cn/2022-09/24/c_1211687489.htm"" target=""_blank"">狼牙山五壮士是“溜崖”而不是跳崖</a>","点击,真相",360,,中国互联网联合辟谣平台,"['点击', '真相']"
"<a href=""https://www.piyao.org.cn/2022-09/24/c_1211687357.htm"" target=""_blank"">香蕉含一种名为螺杆菌的蠕虫</a>",,抖音,,中国互联网联合辟谣平台,['']
"<a href=""https://www.piyao.org.cn/2022-09/28/c_1211686949.htm"" target=""_blank"">2022年实施红绿灯新国标</a>","红绿灯,公安部,管理科学,研究所,高度,起草,网传,情况,国标,群众",抖音,,中国互联网联合辟谣平台,"['红绿灯', '公安部', '管理科学', '研究所', '高度', '起草', '网传', '情况', '国标', '群众']"
"<a href=""https://www.piyao.org.cn/2022-09/25/c_1211687338.htm"" target=""_blank"">能燃烧的粉丝是塑料做的</a>","原文,链接",今日头条,,中国互联网联合辟谣平台,"['原文', '链接']"
"<a href=""https://www.piyao.org.cn/2022-09/25/c_1211687433.htm"" target=""_blank"">被针扎到就会传染艾滋病毒</a>",,今日头条,,中国互联网联合辟谣平台,['']
"<a href=""https://www.piyao.org.cn/2022-09/24/c_1211687498.htm"" target=""_blank"">长征实际里程只有宣传的一多半，大约6000公里</a>","点击,真相",公众举报,,中国互联网联合辟谣平台,"['点击', '真相']"
"<a href=""https://www.piyao.org.cn/2022-09/25/c_1211687615.htm"" target=""_blank"">互联网上“早安问好”等图片要收费</a>",,微博,,中国互联网联合辟谣平台,['']
"<a href=""https://www.piyao.org.cn/2022-09/25/c_1211687348.htm"" target=""_blank"">喝水可有效预防EB流感</a>",,微博、福建辟谣,,中国互联网联合辟谣平台,['']
"<a href=""https://www.piyao.org.cn/2022-09/25/c_1211687622.htm"" target=""_blank"">“地震云”可以预测地震</a>",,微博,,中国互联网联合辟谣平台,['']
"<a href=""https://www.piyao.org.cn/2022-09/24/c_1211687604.htm"" target=""_blank"">因推广5G,4G速率被限制</a>",,微博,,中国互联网联合辟谣平台,['']
"<a href=""https://www.piyao.org.cn/2022-09/24/c_1211687528.htm"" target=""_blank"">《秘密花园》是教育部新课标推荐书目</a>",,微博,,中国互联网联合辟谣平台,['']
"<a href=""https://www.piyao.org.cn/2022-09/24/c_1211687618.htm"" target=""_blank"">我国每年约20万儿童失踪，仅0.1%能回来</a>","打拐办,儿童,办公室,公安部,陈士渠,主任,我国,核实,依据,犯罪",微博,,中国互联网联合辟谣平台,"['打拐办', '儿童', '办公室', '公安部', '陈士渠', '主任', '我国', '核实', '依据', '犯罪']"
"<a href=""https://www.piyao.org.cn/2022-09/23/c_1211687072.htm"" target=""_blank"">2021年离婚率最高的省份离婚率达71.51%</a>","观察者,微博,辟谣,来源",微博,,中国互联网联合辟谣平台,"['观察者', '微博', '辟谣', '来源']"
"<a href=""https://www.piyao.org.cn/2022-09/24/c_1211687373.htm"" target=""_blank"">醋吃多了会导致骨质疏松</a>",,今日头条,,中国互联网联合辟谣平台,['']
"<a href=""https://www.piyao.org.cn/2022-09/28/c_1211688042.htm"" target=""_blank"">减肥应该拒绝吃主食和油</a>","点击,真相",公众举报,,中国互联网联合辟谣平台,"['点击', '真相']"
"<a href=""https://www.piyao.org.cn/2022-09/28/c_1211687730.htm"" target=""_blank"">四川多水域出现龙线虫</a>","线虫,寄生虫,麦地那,视频,昆虫,人体,避免,鱼类,水体,自然界",抖音,,中国互联网联合辟谣平台,"['线虫', '寄生虫', '麦地那', '视频', '昆虫', '人体', '避免', '鱼类', '水体', '自然界']"
"<a href=""https://www.piyao.org.cn/2022-09/28/c_1211688041.htm"" target=""_blank"">用乳铁蛋白牙膏能杀死幽门螺旋杆菌</a>","点击,真相",微博,,中国互联网联合辟谣平台,"['点击', '真相']"
"<a href=""https://www.piyao.org.cn/2022-09/28/c_1211688040.htm"" target=""_blank"">用阿司匹林洗头可以去屑去白发</a>","点击,真相",微博,,中国互联网联合辟谣平台,"['点击', '真相']"
"<a href=""https://www.piyao.org.cn/2022-09/28/c_1211688033.htm"" target=""_blank"">吃8424西瓜感染禽流感</a>","点击,真相",公众举报,,中国互联网联合辟谣平台,"['点击', '真相']"
"<a href=""https://www.piyao.org.cn/2022-09/28/c_1211688014.htm"" target=""_blank"">基因检测可以用来检测孩子天赋</a>","点击,真相",微博,,中国互联网联合辟谣平台,"['点击', '真相']"
"<a href=""https://www.piyao.org.cn/2022-09/28/c_1211688010.htm"" target=""_blank"">味精是化学合成的有害物质</a>","点击,真相",微博,,中国互联网联合辟谣平台,"['点击', '真相']"
"<a href=""https://www.piyao.org.cn/2022-09/28/c_1211687906.htm"" target=""_blank"">打一次狂犬疫苗，两年之内就不用再打，所以可多次被狗咬，获得赔偿致富</a>",,抖音,,中国互联网联合辟谣平台,['']
"<a href=""https://www.piyao.org.cn/2022-09/28/c_1211687757.htm"" target=""_blank"">钟南山建议盐水漱口防病毒</a>","盐水,漱口,病毒,钟南山,呼吸道,清洁,院士,新型,冠状,咽喉炎",微博,,中国互联网联合辟谣平台,"['盐水', '漱口', '病毒', '钟南山', '呼吸道', '清洁', '院士', '新型', '冠状', '咽喉炎']"
"<a href=""https://www.piyao.org.cn/2022-09/28/c_1211687717.htm"" target=""_blank"">苏州特斯拉中心火灾100多辆车被烧</a>","苏州,特斯拉,中心,门店,火灾,网传,位于,起火,信息,部门",抖音,,中国互联网联合辟谣平台,"['苏州', '特斯拉', '中心', '门店', '火灾', '网传', '位于', '起火', '信息', '部门']"
"<a href=""https://www.piyao.org.cn/2022-09/28/c_1211687680.htm"" target=""_blank"">选择中医治疗冠心病就不需支架介入</a>",,公众举报,,中国互联网联合辟谣平台,['']
"<a href=""https://www.piyao.org.cn/2022-09/28/c_1211687664.htm"" target=""_blank"">浦东机场上下客区机动车限速已降至20km/h</a>","航站楼,浦东,限速,机场,标志,出发,行车道,以上,新增,显示屏",微博,,中国互联网联合辟谣平台,"['航站楼', '浦东', '限速', '机场', '标志', '出发', '行车道', '以上', '新增', '显示屏']"
"<a href=""https://www.piyao.org.cn/2022-09/28/c_1211687504.htm"" target=""_blank"">螺蛳粉里的酸豆角是用脚踩制作的</a>",,微博,,中国互联网联合辟谣平台,['']
"<a href=""https://www.piyao.org.cn/2022-09/28/c_1211687503.htm"" target=""_blank"">大连横山寺为关东军立牌位</a>",,微博,,中国互联网联合辟谣平台,['']
"<a href=""https://www.piyao.org.cn/2022-09/28/c_1211687502.htm"" target=""_blank"">山东一幼儿园给孩子吃腐烂蔬菜、生蛆淋巴肉</a>",,微博,,中国互联网联合辟谣平台,['']
"<a href=""https://www.piyao.org.cn/2022-09/28/c_1211687420.htm"" target=""_blank"">世卫组织紧急叫停疫苗，无免疫而有副作用</a>",,微博,,中国互联网联合辟谣平台,['']
"<a href=""https://www.piyao.org.cn/2022-09/28/c_1211687417.htm"" target=""_blank"">“大白”持枪上岗</a>",,哔哩哔哩,,中国互联网联合辟谣平台,['']
"<a href=""https://www.piyao.org.cn/2022-09/28/c_1211687361.htm"" target=""_blank"">地球到达远日点天气将变寒冷</a>",,微博,,中国互联网联合辟谣平台,['']
"<a href=""https://www.piyao.org.cn/2022-09/24/c_1211687342.htm"" target=""_blank"">居民养老保险参保人一次性补缴3万元，每月就能领700元</a>","养老金,补缴,缴费,保险,周岁,居民,待遇,年限,允许,一次性",腾讯新闻较真,,中国互联网联合辟谣平台,"['养老金', '补缴', '缴费', '保险', '周岁', '居民', '待遇', '年限', '允许', '一次性']"
"<a href=""https://www.piyao.org.cn/2022-09/28/c_1211687172.htm"" target=""_blank"">深圳降低高血压等慢性病药品报销比例</a>",,微博,,中国互联网联合辟谣平台,['']
"<a href=""https://www.piyao.org.cn/2022-09/28/c_1211687150.htm"" target=""_blank"">上海殡仪馆招聘扛尸工月薪4万8，守夜2万</a>",,抖音、上海辟谣平台,,中国互联网联合辟谣平台,['']
"<a href=""https://www.piyao.org.cn/2022-09/23/c_1211687034.htm"" target=""_blank"">频繁做核酸引发喉癌鼻咽癌剧增</a>",,腾讯新闻较真,,中国互联网联合辟谣平台,['']
"<a href=""https://www.piyao.org.cn/2022-09/28/c_1211687760.htm"" target=""_blank"">大蒜水可以治好新冠肺炎</a>","治疗,主要,冠状,预防,病毒,是不是,大蒜素,生物学,数据,最好",微博,,中国互联网联合辟谣平台,"['治疗', '主要', '冠状', '预防', '病毒', '是不是', '大蒜素', '生物学', '数据', '最好']"
"<a href=""https://www.piyao.org.cn/2022-09/28/c_1211687719.htm"" target=""_blank"">天津滨海新区来了一批人贩子</a>","中心,举报,信息,报警,网络,人贩子,快餐店,社会秩序,互联网,天津市",抖音,,中国互联网联合辟谣平台,"['中心', '举报', '信息', '报警', '网络', '人贩子', '快餐店', '社会秩序', '互联网', '天津市']"
"<a href=""https://www.piyao.org.cn/2022-09/28/c_1211687692.htm"" target=""_blank"">医保基金不够致部分药品调出医保目录</a>","基金,国家,医疗,全国,水平,目录,收支,保险,可持续,医保局",微博,,中国互联网联合辟谣平台,"['基金', '国家', '医疗', '全国', '水平', '目录', '收支', '保险', '可持续', '医保局']"
"<a href=""https://www.piyao.org.cn/2022-09/27/c_1211687642.htm"" target=""_blank"">蜉蝣大量聚集系自然灾害前兆</a>",,抖音,,中国互联网联合辟谣平台,['']
"<a href=""https://www.piyao.org.cn/2022-09/25/c_1211687617.htm"" target=""_blank"">空间站拍到“烟花”台风的台风眼</a>",,微博,,中国互联网联合辟谣平台,['']
"<a href=""https://www.piyao.org.cn/2022-09/24/c_1211687608.htm"" target=""_blank"">吸烟能预防新冠病毒感染</a>","感染,抵抗力,减低,几率,正解,发生,身体,吸烟,增加,更大",微博,,中国互联网联合辟谣平台,"['感染', '抵抗力', '减低', '几率', '正解', '发生', '身体', '吸烟', '增加', '更大']"
"<a href=""https://www.piyao.org.cn/2022-09/24/c_1211687603.htm"" target=""_blank"">高速费用上调，杭州等地区收费站费用最高可达每公里1元</a>","收费站,费用,高速,上调,地区,公里,最高,杭州,郑重其事,有鼻子有眼",微博,,中国互联网联合辟谣平台,"['收费站', '费用', '高速', '上调', '地区', '公里', '最高', '杭州', '郑重其事', '有鼻子有眼']"
"<a href=""https://www.piyao.org.cn/2022-09/24/c_1211687576.htm"" target=""_blank"">国内将停止心脏安装支架手术</a>",,微博,,中国互联网联合辟谣平台,['']
"<a href=""https://www.piyao.org.cn/2022-09/24/c_1211687560.htm"" target=""_blank"">我国近七成儿童青少年患错颌畸形！年龄越小戴牙套效果越好</a>",,今日头条,,中国互联网联合辟谣平台,['']
"<a href=""https://www.piyao.org.cn/2022-09/25/c_1211687523.htm"" target=""_blank"">醋泡蛋能够治胆囊结石等73种病</a>",,百度,,中国互联网联合辟谣平台,['']
"<a href=""https://www.piyao.org.cn/2022-09/25/c_1211687501.htm"" target=""_blank"">吃辣得老年痴呆风险高</a>",,UC浏览器,,中国互联网联合辟谣平台,['']
"<a href=""https://www.piyao.org.cn/2022-09/25/c_1211687485.htm"" target=""_blank"">痛风患者一定不能吃豆腐、肉和蛋</a>",,豆瓣,,中国互联网联合辟谣平台,['']
"<a href=""https://www.piyao.org.cn/2022-09/24/c_1211687396.htm"" target=""_blank"">日常清洁消毒液浓度越高越好</a>",,公众举报,,中国互联网联合辟谣平台,['']
"<a href=""https://www.piyao.org.cn/2022-09/24/c_1211687367.htm"" target=""_blank"">长时间看手机会导致黄斑变性</a>",,抖音,,中国i互联网联合辟谣平台,['']
"<a href=""https://www.piyao.org.cn/2022-09/25/c_1211687340.htm"" target=""_blank"">戴口罩会二氧化碳中毒</a>","原文,链接",今日头条,,中国互联网联合辟谣平台,"['原文', '链接']"
"<a href=""https://www.piyao.org.cn/2022-09/24/c_1211687318.htm"" target=""_blank"">飞夺泸定桥战斗不存在</a>","点击,真相",微博,,中国互联网联合辟谣平台,"['点击', '真相']"
"<a href=""https://www.piyao.org.cn/2022-09/23/c_1211687098.htm"" target=""_blank"">百位中国人在瑞士银行存款7.8万亿元人民币</a>","观察者,微博,辟谣,来源",微博,,中国互联网联合辟谣平台,"['观察者', '微博', '辟谣', '来源']"
"<a href=""https://www.piyao.org.cn/2022-09/23/c_1211687080.htm"" target=""_blank"">2022年元旦上海仅出生7个宝宝</a>","互联网,上海市,中心,举报,微博,辟谣,来源",微博,,中国互联网联合辟谣平台,"['互联网', '上海市', '中心', '举报', '微博', '辟谣', '来源']"
"<a href=""https://www.piyao.org.cn/2022-09/23/c_1211686985.htm"" target=""_blank"">酸奶中的益生菌是从老人“粪便”中提取的</a>",,腾讯新闻较真,,中国互联网联合辟谣平台,['']
"<a href=""https://www.piyao.org.cn/2022-09/25/c_1211687607.htm"" target=""_blank"">西瓜吃多了，羊水会变少</a>",,今日头条,,中国互联网联合辟谣平台,['']
"<a href=""https://www.piyao.org.cn/2022-09/28/c_1211687596.htm"" target=""_blank"">日本神经学教授创造的静物画可以判断精神疾病</a>",,微博,,中国互联网联合辟谣平台,['']
"<a href=""https://www.piyao.org.cn/2022-09/28/c_1211687742.htm"" target=""_blank"">因开车使用手机导航被交警处罚扣分</a>","高架,驾驶员,安全,手机,开车,浏览,交警,行为,道路,处罚",微博,,中国互联网联合辟谣平台,"['高架', '驾驶员', '安全', '手机', '开车', '浏览', '交警', '行为', '道路', '处罚']"
"<a href=""https://www.piyao.org.cn/2022-09/25/c_1211687595.htm"" target=""_blank"">吃了山楂会引起宫缩，导致流产</a>",,微博,,中国互联网联合辟谣平台,['']
"<a href=""https://www.piyao.org.cn/2022-09/24/c_1211687594.htm"" target=""_blank"">杭州有女孩遭遇敲门杀人</a>","法律责任,不明真相,造谣,真实,谣言,社会,看到,事件,网上,行为",微博,,中国互联网联合辟谣平台,"['法律责任', '不明真相', '造谣', '真实', '谣言', '社会', '看到', '事件', '网上', '行为']"
"<a href=""https://www.piyao.org.cn/2022-09/24/c_1211687589.htm"" target=""_blank"">湖北发现“九头鸟”</a>",,微博,,中国互联网联合辟谣平台,['']
"<a href=""https://www.piyao.org.cn/2022-09/25/c_1211687588.htm"" target=""_blank"">鲜浓的肉汤比肉更营养</a>",,公众举报,,中国互联网联合辟谣平台,['']
"<a href=""https://www.piyao.org.cn/2022-09/25/c_1211687580.htm"" target=""_blank"">久病体虚要多吃人参</a>",,公众举报,,中国互联网联合辟谣平台,['']
"<a href=""https://www.piyao.org.cn/2022-09/24/c_1211687573.htm"" target=""_blank"">每年7月1日每人可在 “交管12123 ”APP上免费处理一条违章信息</a>","违法,处理,造谣者,流传,交管,发现,谣言,朋友圈,变少,同样",微博,,中国互联网联合辟谣平台,"['违法', '处理', '造谣者', '流传', '交管', '发现', '谣言', '朋友圈', '变少', '同样']"
"<a href=""https://www.piyao.org.cn/2022-09/25/c_1211687565.htm"" target=""_blank"">喝牛奶导致乳腺癌</a>",,微博,,中国互联网联合辟谣平台,['']
"<a href=""https://www.piyao.org.cn/2022-09/28/c_1211687563.htm"" target=""_blank"">深圳市殡仪馆销尸灭迹、私自盗卖器官</a>",,微博,,中国互联网联合辟谣平台,['']
"<a href=""https://www.piyao.org.cn/2022-09/28/c_1211687559.htm"" target=""_blank"">海南不再禁止黄赌</a>",,微博,,中国互联网联合辟谣平台,['']
"<a href=""https://www.piyao.org.cn/2022-09/25/c_1211687546.htm"" target=""_blank"">糖尿病人不能吃水果</a>",,今日头条,,中国互联网联合辟谣平台,['']
"<a href=""https://www.piyao.org.cn/2022-09/28/c_1211687545.htm"" target=""_blank"">乳铁蛋白可以预防新冠肺炎病毒</a>",,UC浏览器,,中国互联网联合辟谣平台,['']
"<a href=""https://www.piyao.org.cn/2022-09/24/c_1211687530.htm"" target=""_blank"">台风天气使用空调会烧坏主机</a>","空调,电器,负责人,提醒,格力,台风,家里,烧机,情况,电流",微博,,中国互联网联合辟谣平台,"['空调', '电器', '负责人', '提醒', '格力', '台风', '家里', '烧机', '情况', '电流']"
"<a href=""https://www.piyao.org.cn/2022-09/28/c_1211687525.htm"" target=""_blank"">使用二氧化氯贴片能预防新型冠状病毒</a>",,公众举报,,中国互联网联合辟谣平台,['']
"<a href=""https://www.piyao.org.cn/2022-09/28/c_1211687524.htm"" target=""_blank"">吃槟榔可以预防新冠肺炎病毒</a>",,微博,,中国互联网联合辟谣平台,['']
"<a href=""https://www.piyao.org.cn/2022-09/28/c_1211687522.htm"" target=""_blank"">大蒜水可以治好新冠肺炎</a>",,百度,,中国互联网联合辟谣平台,['']
"<a href=""https://www.piyao.org.cn/2022-09/28/c_1211687517.htm"" target=""_blank"">口罩里垫一张对折的纸巾可延长口罩使用时间</a>",,百度,,中国互联网联合辟谣平台,['']
"<a href=""https://www.piyao.org.cn/2022-09/28/c_1211687486.htm"" target=""_blank"">核酸和抗原做多了，咽喉癌和鼻咽癌会增多</a>",,微博,,中国互联网联合辟谣平台,['']
"<a href=""https://www.piyao.org.cn/2022-09/25/c_1211687598.htm"" target=""_blank"">吃了荔枝、桂圆容易引发阴道出血、腹痛，从而导致流产</a>",,公众举报,,中国互联网联合辟谣平台,['']
"<a href=""https://www.piyao.org.cn/2022-09/24/c_1211687564.htm"" target=""_blank"">又直又长的香蕉是打了激素的，不能吃</a>",,抖音,,中国互联网联合辟谣平台,['']
"<a href=""https://www.piyao.org.cn/2022-09/25/c_1211687555.htm"" target=""_blank"">瘦子不会得脂肪肝</a>",,公众举报,,中国互联网联合辟谣平台,['']
"<a href=""https://www.piyao.org.cn/2022-09/24/c_1211687543.htm"" target=""_blank"">饮用高度白酒可以治疗轻微感冒</a>",,微博,,中国互联网联合辟谣平台,['']
"<a href=""https://www.piyao.org.cn/2022-09/24/c_1211687510.htm"" target=""_blank"">大蒜瓣切片氧化后可以抵抗新冠病毒</a>",,微博,,中国互联网联合辟谣平台,['']
"<a href=""https://www.piyao.org.cn/2022-09/25/c_1211687484.htm"" target=""_blank"">吃“冷米饭”能减肥</a>",,UC浏览器,,中国互联网联合辟谣平台,['']
"<a href=""https://www.piyao.org.cn/2022-09/25/c_1211687474.htm"" target=""_blank"">吃坚果相当于喝油</a>",,豆瓣,,中国互联网联合辟谣平台,['']
"<a href=""https://www.piyao.org.cn/2022-09/28/c_1211687443.htm"" target=""_blank"">素食者不会感染新冠肺炎</a>",,百度,,中国互联网联合辟谣平台,['']
"<a href=""https://www.piyao.org.cn/2022-09/28/c_1211687464.htm"" target=""_blank"">涂防晒霜会导致缺钙</a>",,微博,,中国互联网联合辟谣平台,['']
"<a href=""https://www.piyao.org.cn/2022-09/24/c_1211687384.htm"" target=""_blank"">用社保卡可以无抵押无担保快速贷款，可以借给他人使用返点</a>","社保,持卡人,使用,广告,借用,身份证,具备,服务,非法,行为",微博,,中国互联网联合辟谣平台,"['社保', '持卡人', '使用', '广告', '借用', '身份证', '具备', '服务', '非法', '行为']"
"<a href=""https://www.piyao.org.cn/2022-09/24/c_1211687506.htm"" target=""_blank"">毛泽东错批马寅初导致中国人口增加三亿</a>","点击,真相",微博,,中国互联网联合辟谣平台,"['点击', '真相']"
"<a href=""https://www.piyao.org.cn/2022-09/25/c_1211687473.htm"" target=""_blank"">绞肉机伤肝</a>",,抖音,,中国互联网联合辟谣平台,['']
"<a href=""https://www.piyao.org.cn/2022-09/25/c_1211687481.htm"" target=""_blank"">睫毛滋养液能让睫毛长长</a>",,微博,,中国互联网联合辟谣平台,['']
"<a href=""https://www.piyao.org.cn/2022-09/24/c_1211687421.htm"" target=""_blank"">2021年7月1日起车辆不得推迟年审，否则车辆档案会被锁定</a>","机动车,车管所,检验,年审,规定,档案,信息,提前,所有,锁定",微博,,中国互联网联合辟谣平台,"['机动车', '车管所', '检验', '年审', '规定', '档案', '信息', '提前', '所有', '锁定']"
"<a href=""https://www.piyao.org.cn/2022-09/25/c_1211687458.htm"" target=""_blank"">少吃饭能饿死肿瘤</a>",,微博,,中国互联网联合辟谣平台,['']
"<a href=""https://www.piyao.org.cn/2022-09/25/c_1211687513.htm"" target=""_blank"">斑秃只有年龄大的人才会有</a>",,公众举报,,中国互联网联合辟谣平台,['']
"<a href=""https://www.piyao.org.cn/2022-09/25/c_1211687445.htm"" target=""_blank"">床头放柠檬帮助孩子长高</a>",,微博,,中国互联网联合辟谣平台,['']
"<a href=""https://www.piyao.org.cn/2022-09/24/c_1211687413.htm"" target=""_blank"">心梗千万别放支架</a>",,公众举报,,中国互联网联合辟谣平台,['']
"<a href=""https://www.piyao.org.cn/2022-09/28/c_1211687428.htm"" target=""_blank"">口罩消毒残留物会致癌</a>",,百度,,中国互联网联合辟谣平台,['']
"<a href=""https://www.piyao.org.cn/2022-09/28/c_1211687424.htm"" target=""_blank"">带呼吸阀的N95口罩没有防护新冠病毒的作用</a>",,微博,,中国互联网联合辟谣平台,['']
"<a href=""https://www.piyao.org.cn/2022-09/28/c_1211687423.htm"" target=""_blank"">全国31省市摘口罩时间表确定</a>",,微博,,中国互联网联合辟谣平台,['']
"<a href=""https://www.piyao.org.cn/2022-09/28/c_1211687393.htm"" target=""_blank"">长时间戴口罩肺结节明显增大，会诱发肺癌</a>",,微博,,中国互联网联合辟谣平台,['']
"<a href=""https://www.piyao.org.cn/2022-09/28/c_1211687173.htm"" target=""_blank"">连续60天每晚8点查酒驾，有详细带队信息</a>",,抖音,,中国互联网联合辟谣平台,['']
"<a href=""https://www.piyao.org.cn/2022-09/28/c_1211687170.htm"" target=""_blank"">临沂市沂水县成千上万的燕子聚集，是地震前兆</a>",,公众举报,,中国互联网联合辟谣平台,['']
"<a href=""https://www.piyao.org.cn/2022-09/28/c_1211687145.htm"" target=""_blank"">淮安及周边地区有可能发生地震</a>",,微博,,中国互联网联合辟谣平台,['']
"<a href=""https://www.piyao.org.cn/2022-09/28/c_1211687140.htm"" target=""_blank"">加油时玩手机致汽车爆炸</a>",,微博,,中国互联网联合辟谣平台,['']
"<a href=""https://www.piyao.org.cn/2022-09/28/c_1211687133.htm"" target=""_blank"">江苏启东要并入上海</a>",,微博,,中国互联网联合辟谣平台,['']
"<a href=""https://www.piyao.org.cn/2022-09/28/c_1211687126.htm"" target=""_blank"">京广高铁京武段6.20按照时速350运行暂不实行，按310运行</a>",,微博,,中国互联网联合辟谣平台,['']
"<a href=""https://www.piyao.org.cn/2022-09/28/c_1211687164.htm"" target=""_blank"">南京取消红绿灯倒计时读秒</a>",,抖音,,中国互联网联合辟谣平台,['']
"<a href=""https://www.piyao.org.cn/2022-09/28/c_1211687441.htm"" target=""_blank"">奥密克戎变异株能躲避新冠测试</a>",,微博,,中国互联网联合辟谣平台,['']
"<a href=""https://www.piyao.org.cn/2022-09/28/c_1211687447.htm"" target=""_blank"">预防肺炎的疫苗能防止新型冠状病毒感染</a>",,微博,,中国互联网联合辟谣平台,['']
"<a href=""https://www.piyao.org.cn/2022-09/28/c_1211687451.htm"" target=""_blank"">维c可以直接预防新冠肺炎病毒</a>",,百度,,中国互联网联合辟谣平台,['']
"<a href=""https://www.piyao.org.cn/2022-09/28/c_1211687440.htm"" target=""_blank"">接种疫苗将致病毒“免疫逃逸”</a>",,微博,,中国互联网联合辟谣平台,['']
"<a href=""https://www.piyao.org.cn/2022-09/28/c_1211687432.htm"" target=""_blank"">喝茶可以直接预防新冠肺炎病毒</a>",,微博,,中国互联网联合辟谣平台,['']
"<a href=""https://www.piyao.org.cn/2022-09/24/c_1211687436.htm"" target=""_blank"">男女延迟退休年龄表公布</a>","退休,年龄,人力资源,延迟,方案,研究,周岁,老龄化,社会保障部,改革",新浪微博,,中国互联网联合辟谣平台,"['退休', '年龄', '人力资源', '延迟', '方案', '研究', '周岁', '老龄化', '社会保障部', '改革']"
"<a href=""https://www.piyao.org.cn/2022-09/24/c_1211687419.htm"" target=""_blank"">教育部“中考改革预案”禁止所有学校、机构招收初三复读生</a>","中考,改革,教育部,往届,招生,发布,存在,录取,网传,考试",微博、福建辟谣,,中国互联网联合辟谣平台,"['中考', '改革', '教育部', '往届', '招生', '发布', '存在', '录取', '网传', '考试']"
"<a href=""https://www.piyao.org.cn/2022-09/24/c_1211687415.htm"" target=""_blank"">山东艾滋病五年增加295.2%</a>","艾滋病,网络,数据,全省,辟谣,报道,感染者,病例,信息,网传",微博、福建辟谣平台,,中国互联网联合辟谣平台,"['艾滋病', '网络', '数据', '全省', '辟谣', '报道', '感染者', '病例', '信息', '网传']"
"<a href=""https://www.piyao.org.cn/2022-09/24/c_1211687405.htm"" target=""_blank"">戴眼镜会加深近视度数</a>",,公众举报,,中国互联网联合辟谣平台,['']
"<a href=""https://www.piyao.org.cn/2022-09/24/c_1211687397.htm"" target=""_blank"">2022年9月1日起北京医保存折里的钱不让取</a>","医保,存折,资金,北京市,客户,支取,银行,入账,参保,咨询",微博,,中国互联网联合辟谣平台,"['医保', '存折', '资金', '北京市', '客户', '支取', '银行', '入账', '参保', '咨询']"
"<a href=""https://www.piyao.org.cn/2022-09/28/c_1211687110.htm"" target=""_blank"">上海未婚妈妈可以申请生育金</a>",,微博,,中国互联网联合辟谣平台,['']
"<a href=""https://www.piyao.org.cn/2022-09/28/c_1211687097.htm"" target=""_blank"">西湖划船师傅有编制</a>",,抖音,,中国互联网联合辟谣平台,['']
"<a href=""https://www.piyao.org.cn/2022-09/28/c_1211687076.htm"" target=""_blank"">上海肯德基外卖员投放新冠病毒</a>",,微博,,中国互联网联合辟谣平台,['']
"<a href=""https://www.piyao.org.cn/2022-09/28/c_1211687070.htm"" target=""_blank"">内蒙古“地壳推移”</a>",,微博,,中国互联网联合辟谣平台,['']
"<a href=""https://www.piyao.org.cn/2022-09/28/c_1211687032.htm"" target=""_blank"">河南襄城老人考上清华被顶替</a>",,微博,,中国互联网联合辟谣平台,['']
"<a href=""https://www.piyao.org.cn/2022-09/28/c_1211687023.htm"" target=""_blank"">联合国总部要搬到西安</a>",,微博,,中国互联网联合辟谣平台,['']
"<a href=""https://www.piyao.org.cn/2022-09/25/c_1211687526.htm"" target=""_blank"">吃南瓜、玉米能降血糖</a>",,抖音,,中国互联网联合辟谣平台,['']
"<a href=""https://www.piyao.org.cn/2022-09/25/c_1211687437.htm"" target=""_blank"">服用止痛药会导致成瘾</a>",,微博,,中国互联网联合辟谣平台,['']
"<a href=""https://www.piyao.org.cn/2022-09/25/c_1211687411.htm"" target=""_blank"">坐在高温石墩子上能治痛经</a>",,抖音,,中国互联网联合辟谣平台,['']
"<a href=""https://www.piyao.org.cn/2022-09/24/c_1211687365.htm"" target=""_blank"">4月1日为消防战士纪念日</a>","管理部,纪念日,消防战士,愚人节,节日,全国,对此,戴越,相关,传播",UC浏览器,,中国互联网联合辟谣平台,"['管理部', '纪念日', '消防战士', '愚人节', '节日', '全国', '对此', '戴越', '相关', '传播']"
"<a href=""https://www.piyao.org.cn/2022-09/24/c_1211687354.htm"" target=""_blank"">上海的银行全面暂停房贷，买房不能贷款</a>","银行,房贷,房地产,贷款,暂停,上海,全面,收紧,政策,住房",腾讯新闻较真、上海辟谣平台,,中国互联网联合辟谣平台,"['银行', '房贷', '房地产', '贷款', '暂停', '上海', '全面', '收紧', '政策', '住房']"
"<a href=""https://www.piyao.org.cn/2022-09/25/c_1211687406.htm"" target=""_blank"">睡前喝洋葱水可排毒、抵御流感病毒</a>","洋葱,排毒,文章,身体,感冒,网传,辟谣,伪科学,大蒜素,研究",微博、福建辟谣,,中国互联网联合辟谣平台,"['洋葱', '排毒', '文章', '身体', '感冒', '网传', '辟谣', '伪科学', '大蒜素', '研究']"
"<a href=""https://www.piyao.org.cn/2022-09/25/c_1211687395.htm"" target=""_blank"">吃猪肺可以预防肺癌</a>","穿刺,肿瘤,肺脏,一个,组织,疾病,保护套,蛋白质,一定,预防",微博,,中国互联网联合辟谣平台,"['穿刺', '肿瘤', '肺脏', '一个', '组织', '疾病', '保护套', '蛋白质', '一定', '预防']"
"<a href=""https://www.piyao.org.cn/2022-09/24/c_1211687372.htm"" target=""_blank"">钟南山没打新冠疫苗</a>","接种,疫苗,查询,记录,钟南山,程序,情况,健康,显示,院士",微博、上海辟谣平台,,中国互联网联合辟谣平台,"['接种', '疫苗', '查询', '记录', '钟南山', '程序', '情况', '健康', '显示', '院士']"
"<a href=""https://www.piyao.org.cn/2022-09/24/c_1211687385.htm"" target=""_blank"">白内障只有老年人会得</a>",,公众举报,,中国互联网联合辟谣平台,['']
"<a href=""https://www.piyao.org.cn/2022-09/25/c_1211687383.htm"" target=""_blank"">银杏叶泡水降血压</a>",,今日头条,,中国互联网联合辟谣平台,['']
"<a href=""https://www.piyao.org.cn/2022-09/24/c_1211687359.htm"" target=""_blank"">西藏10名新冠肺炎患者使用藏药全部治愈出院</a>","信息,藏医院,名新冠,西藏自治区,造谣,不信,网络,防控,相关,途径",哔哩哔哩,,中国互联网联合辟谣平台,"['信息', '藏医院', '名新冠', '西藏自治区', '造谣', '不信', '网络', '防控', '相关', '途径']"
"<a href=""https://www.piyao.org.cn/2022-09/25/c_1211687382.htm"" target=""_blank"">反季水果不健康</a>",,抖音,,中国互联网联合辟谣平台,['']
"<a href=""https://www.piyao.org.cn/2022-09/25/c_1211687379.htm"" target=""_blank"">装了心脏支架不能做核磁检查</a>",,今日头条,,中国互联网联合辟谣平台,['']
"<a href=""https://www.piyao.org.cn/2022-09/24/c_1211687377.htm"" target=""_blank"">2022年高考数学平均分创新低</a>","高考,数学,平均分,福建,自媒体,近日,信息,成绩,江苏省,发布",微博,,中国互联网联合辟谣平台,"['高考', '数学', '平均分', '福建', '自媒体', '近日', '信息', '成绩', '江苏省', '发布']"
"<a href=""https://www.piyao.org.cn/2022-09/24/c_1211687344.htm"" target=""_blank"">灭活疫苗技术已落后</a>","技术,活疫苗,新冠,卫生,mRNA,落后,病毒,国家,使用,健康",微博,,中国互联网联合辟谣平台,"['技术', '活疫苗', '新冠', '卫生', 'mRNA', '落后', '病毒', '国家', '使用', '健康']"
"<a href=""https://www.piyao.org.cn/2022-09/24/c_1211687375.htm"" target=""_blank"">《微信红包》图片是计算机病毒</a>","文件,微信,谣言,信息,病毒,视频,显示,传播,发布,直接",微博,,中国互联网联合辟谣平台,"['文件', '微信', '谣言', '信息', '病毒', '视频', '显示', '传播', '发布', '直接']"
"<a href=""https://www.piyao.org.cn/2022-09/25/c_1211687369.htm"" target=""_blank"">喝红酒可以预防心血管疾病</a>",,豆瓣,,中国互联网联合辟谣平台,['']
"<a href=""https://www.piyao.org.cn/2022-09/24/c_1211687363.htm"" target=""_blank"">核酸检测采样棉签含有荧光剂、环氧乙烷等致癌物</a>","采样,荧光,检测,拭子,乙烷,环氧,使用,灭菌,纤维,器械",抖音,,中国互联网联合辟谣平台,"['采样', '荧光', '检测', '拭子', '乙烷', '环氧', '使用', '灭菌', '纤维', '器械']"
"<a href=""https://www.piyao.org.cn/2022-09/25/c_1211687362.htm"" target=""_blank"">虾和水果同食会产生砒霜</a>",,今日头条,,中国互联网联合辟谣平台,['']
"<a href=""https://www.piyao.org.cn/2022-09/28/c_1211687629.htm"" target=""_blank"">茶水能预防新冠病毒</a>","胸外科,贵宾,医生,微博,辟谣,来源",微博,,中国互联网联合辟谣平台,"['胸外科', '贵宾', '医生', '微博', '辟谣', '来源']"
"<a href=""https://www.piyao.org.cn/2022-09/28/c_1211687581.htm"" target=""_blank"">基础教育综合改革实验区缩短学制，九年义务教育将改为小学4年、初中3年、高中2年</a>",,微博,,中国互联网联合辟谣平台,['']
"<a href=""https://www.piyao.org.cn/2022-09/28/c_1211687475.htm"" target=""_blank"">喝酸奶能预防癌症</a>",,凤凰网讲真,,中国互联网联合辟谣平台,['']
"<a href=""https://www.piyao.org.cn/2022-09/28/c_1211687562.htm"" target=""_blank"">铁道部正式宣布全面取消纸质车票</a>",,微博,,中国互联网联合辟谣平台,['']
"<a href=""https://www.piyao.org.cn/2022-09/28/c_1211687592.htm"" target=""_blank"">比个“ok”手势就能发出报警求救信号</a>",,微博,,中国互联网联合辟谣平台,['']
"<a href=""https://www.piyao.org.cn/2022-09/28/c_1211687356.htm"" target=""_blank"">父母失信影响子女上学</a>",,微博,,中国互联网联合辟谣平台,['']
"<a href=""https://www.piyao.org.cn/2022-09/28/c_1211687183.htm"" target=""_blank"">居民用电价格执行新的电费调节表</a>",,抖音,,中国互联网联合辟谣平台,['']
"<a href=""https://www.piyao.org.cn/2022-09/28/c_1211687116.htm"" target=""_blank"">鲁迅日记称发薪日到怡红院消费</a>",,微博,,中国互联网联合辟谣平台,['']
"<a href=""https://www.piyao.org.cn/2022-09/28/c_1211687529.htm"" target=""_blank"">做完核酸要立刻刷牙，要喝热水预防感染</a>",,微博,,中国互联网联合辟谣平台,['']
"<a href=""https://www.piyao.org.cn/2022-09/28/c_1211687426.htm"" target=""_blank"">补钙过多会使胎盘老化</a>",,微博,,中国互联网联合辟谣平台,['']
"<a href=""https://www.piyao.org.cn/2022-09/28/c_1211687402.htm"" target=""_blank"">马齿苋、木耳菜性寒，孕妇吃了会增加子宫收缩次数，引起不适</a>",,微博,,中国互联网联合辟谣平台,['']
"<a href=""https://www.piyao.org.cn/2022-09/28/c_1211687316.htm"" target=""_blank"">2019年贫困人口人均月收入9057元</a>",,微博,,中国互联网联合辟谣平台,['']
"<a href=""https://www.piyao.org.cn/2022-09/28/c_1211687378.htm"" target=""_blank"">新冠病毒可通过下水道传播，所以可以将消毒片扔进下水道消毒</a>",,百度,,中国互联网联合辟谣平台,['']
"<a href=""https://www.piyao.org.cn/2022-09/28/c_1211687166.htm"" target=""_blank"">某博主从义乌机场花1000元买了一只无人认领行李箱</a>",,抖音,,中国互联网联合辟谣平台,['']
"<a href=""https://www.piyao.org.cn/2022-09/28/c_1211688081.htm"" target=""_blank"">世界卫生组织将18-65岁界定为青年人</a>",,微博,,中国互联网联合辟谣平台,['']
"<a href=""https://www.piyao.org.cn/2022-09/28/c_1211688080.htm"" target=""_blank"">林则徐后裔涉嫌严重违纪违法</a>",,微博,,中国互联网联合辟谣平台,['']
"<a href=""https://www.piyao.org.cn/2022-09/28/c_1211688078.htm"" target=""_blank"">秦岭以一己之力挡住南下冷空气</a>",,微博,,中国互联网联合辟谣平台,['']
"<a href=""https://www.piyao.org.cn/2022-09/25/c_1211687355.htm"" target=""_blank"">自热米饭里的大米是假的</a>","原文,链接",今日头条,,中国互联网联合辟谣平台,"['原文', '链接']"
"<a href=""https://www.piyao.org.cn/2022-09/25/c_1211687353.htm"" target=""_blank"">应先吃水果再吃饭</a>",,微博,,中国互联网联合辟谣平台,['']
"<a href=""https://www.piyao.org.cn/2022-09/24/c_1211687352.htm"" target=""_blank"">某检测区做核酸发黄金吊牌</a>","疫情,网络,信息,防控,琼山区,依法,调查,黎某,互联网,网民",公众举报,,中国互联网联合辟谣平台,"['疫情', '网络', '信息', '防控', '琼山区', '依法', '调查', '黎某', '互联网', '网民']"
"<a href=""https://www.piyao.org.cn/2022-09/25/c_1211687350.htm"" target=""_blank"">验钞手电筒能检出食物中的黄曲霉毒素</a>","原文,链接",今日头条,,中国互联网联合辟谣平台,"['原文', '链接']"
"<a href=""https://www.piyao.org.cn/2022-09/24/c_1211687330.htm"" target=""_blank"">暴雨后城市自来水不能喝</a>","自来水,水质,城市,暴雨,水源地,江河,文力,影响,湖泊,地表水",UC浏览器,,中国互联网联合辟谣平台,"['自来水', '水质', '城市', '暴雨', '水源地', '江河', '文力', '影响', '湖泊', '地表水']"
"<a href=""https://www.piyao.org.cn/2022-09/24/c_1211687347.htm"" target=""_blank"">海鱼没有寄生虫可以随便吃</a>",,抖音,,中国互联网联合辟谣平台,['']
"<a href=""https://www.piyao.org.cn/2022-09/24/c_1211687339.htm"" target=""_blank"">用蔬菜水冲奶粉防止小孩上火</a>",,今日头条,,中国互联网联合辟谣平台,['']
"<a href=""https://www.piyao.org.cn/2022-09/25/c_1211687305.htm"" target=""_blank"">西安辅警招聘底薪3千加贴条提成</a>","交警,信息,西安,招聘,视频,平台,公安,发布,网友,不实",抖音,,中国互联网联合辟谣平台,"['交警', '信息', '西安', '招聘', '视频', '平台', '公安', '发布', '网友', '不实']"
"<a href=""https://www.piyao.org.cn/2022-09/24/c_1211687176.htm"" target=""_blank"">黄冈烈士陵园有自由女神像</a>","谣言,军人,事务局,烈士陵园,黄冈市,信息,核实,网上,传播,退役",抖音,,中国互联网联合辟谣平台,"['谣言', '军人', '事务局', '烈士陵园', '黄冈市', '信息', '核实', '网上', '传播', '退役']"
"<a href=""https://www.piyao.org.cn/2022-09/25/c_1211687331.htm"" target=""_blank"">突然戒烟反伤身</a>",,微博,,中国互联网联合辟谣平台,['']
"<a href=""https://www.piyao.org.cn/2022-09/24/c_1211687190.htm"" target=""_blank"">湖北天门一婴儿被人抛弃在草丛</a>","网民,视频,草丛,天门,市民,湖北,山东济南,发现,发生,了解",抖音,,中国互联网联合辟谣平台,"['网民', '视频', '草丛', '天门', '市民', '湖北', '山东济南', '发现', '发生', '了解']"
"<a href=""https://www.piyao.org.cn/2022-09/24/c_1211687327.htm"" target=""_blank"">燕子聚集一定是地震前兆</a>","沂水县,网民,十里堡,前兆,发布,地震,行为,每天下午,成千上万,临沂市",微博,,中国互联网联合辟谣平台,"['沂水县', '网民', '十里堡', '前兆', '发布', '地震', '行为', '每天下午', '成千上万', '临沂市']"
"<a href=""https://www.piyao.org.cn/2022-09/24/c_1211687323.htm"" target=""_blank"">高温暴雨导致大明湖鱼儿缺氧“跳水”</a>","水面,视频,大明湖,现象,鱼儿,出现,集体,缺氧,受到,相关",微博,,中国互联网联合辟谣平台,"['水面', '视频', '大明湖', '现象', '鱼儿', '出现', '集体', '缺氧', '受到', '相关']"
"<a href=""https://www.piyao.org.cn/2022-09/24/c_1211687319.htm"" target=""_blank"">食用油吃的越少越好</a>",,微博,,中国互联网联合辟谣平台,['']
"<a href=""https://www.piyao.org.cn/2022-09/25/c_1211687309.htm"" target=""_blank"">味精加热后有毒且致癌</a>",,微博,,中国互联网联合辟谣平台,['']
"<a href=""https://www.piyao.org.cn/2022-09/25/c_1211687297.htm"" target=""_blank"">肇庆一司机开车挖鼻孔被扣分</a>","肇庆,违法,行为,机动车,正确,微信,说法,网友,道路交通安全法实施条例,交警支队",抖音,,中国互联网联合辟谣平台,"['肇庆', '违法', '行为', '机动车', '正确', '微信', '说法', '网友', '道路交通安全法实施条例', '交警支队']"
"<a href=""https://www.piyao.org.cn/2022-09/23/c_1211687187.htm"" target=""_blank"">草莓含大量农药能毒死人</a>","草莓,谣言,有毒,纯属,视频,抗病,性强,搜索,农药,可至",微博,,中国互联网联合辟谣平台,"['草莓', '谣言', '有毒', '纯属', '视频', '抗病', '性强', '搜索', '农药', '可至']"
"<a href=""https://www.piyao.org.cn/2022-09/24/c_1211687178.htm"" target=""_blank"">花季女孩被狗咬伤没接种疫苗发出小狗一样的叫声</a>","狂犬病,症状,辟谣,出现,传播,学狗叫,咬伤,两类,网上,病毒",抖音、福建辟谣,,中国互联网联合辟谣平台,"['狂犬病', '症状', '辟谣', '出现', '传播', '学狗叫', '咬伤', '两类', '网上', '病毒']"
"<a href=""https://www.piyao.org.cn/2022-09/24/c_1211687175.htm"" target=""_blank"">济南核酸检测不再分男女，恢复一周两次</a>","采样,检测,核酸,指挥部,济南市,市民,工作,通知,相关,常态化",抖音,,中国互联网联合辟谣平台,"['采样', '检测', '核酸', '指挥部', '济南市', '市民', '工作', '通知', '相关', '常态化']"
"<a href=""https://www.piyao.org.cn/2022-09/23/c_1211687153.htm"" target=""_blank"">非全日制本科可以直接落户成都</a>","成都,公安,信息,落户,本科,传播,全日制,依法,网民,虚假",抖音,,中国互联网联合辟谣平台,"['成都', '公安', '信息', '落户', '本科', '传播', '全日制', '依法', '网民', '虚假']"
"<a href=""https://www.piyao.org.cn/2022-09/23/c_1211687162.htm"" target=""_blank"">草莓吃了会得出血热</a>","出血热,草莓,长安区,西安市,措施,老鼠,流行性,情况,预防,疾控中心",微博,,中国互联网联合辟谣平台,"['出血热', '草莓', '长安区', '西安市', '措施', '老鼠', '流行性', '情况', '预防', '疾控中心']"
"<a href=""https://www.piyao.org.cn/2022-09/23/c_1211687161.htm"" target=""_blank"">深圳地铁3号线大运站倒塌</a>","大运,枢纽,深圳,了解到,实现,平台,地铁,网友,换乘,结构",哔哩哔哩,,中国互联网联合辟谣平台,"['大运', '枢纽', '深圳', '了解到', '实现', '平台', '地铁', '网友', '换乘', '结构']"
"<a href=""https://www.piyao.org.cn/2022-09/24/c_1211687157.htm"" target=""_blank"">国内将逐渐停止心脏安装支架的手术</a>","斑块,视频,内硬,心血管,支架,赵全明,情况,心脏,治疗,清除",微博,,中国互联网联合辟谣平台,"['斑块', '视频', '内硬', '心血管', '支架', '赵全明', '情况', '心脏', '治疗', '清除']"
"<a href=""https://www.piyao.org.cn/2022-09/24/c_1211687135.htm"" target=""_blank"">女子边充电边玩手机遭触电</a>",,抖音、福建辟谣,,中国互联网联合辟谣平台,['']
"<a href=""https://www.piyao.org.cn/2022-09/24/c_1211687131.htm"" target=""_blank"">喝茶水可以预防新冠病毒</a>","病毒,新冠,研究,实验,茶水,感染,体外,杀灭,预防,视频",微博,,中国互联网联合辟谣平台,"['病毒', '新冠', '研究', '实验', '茶水', '感染', '体外', '杀灭', '预防', '视频']"
"<a href=""https://www.piyao.org.cn/2022-09/24/c_1211687113.htm"" target=""_blank"">河北一法院窗口低矮需跪递材料</a>","窗口,法院,固安县,我院,报道,当事人,低矮,材料,执行,事实",微博,,中国互联网联合辟谣平台,"['窗口', '法院', '固安县', '我院', '报道', '当事人', '低矮', '材料', '执行', '事实']"
"<a href=""https://www.piyao.org.cn/2022-09/24/c_1211687066.htm"" target=""_blank"">湖北某事业单位招聘一考生笔试成绩3.17分被录用</a>","笔试,参加,成绩,事业单位,招聘,岗位,面试,考生,监利,计划",抖音,,中国互联网联合辟谣平台,"['笔试', '参加', '成绩', '事业单位', '招聘', '岗位', '面试', '考生', '监利', '计划']"
"<a href=""https://www.piyao.org.cn/2022-09/23/c_1211687057.htm"" target=""_blank"">都江堰市发生山体滑坡造成18人遇难107人失踪</a>","都江堰,媒体中心,信息,官方,网民,市融,相关,辟谣,山体,灾害",抖音,,中国互联网联合辟谣平台,"['都江堰', '媒体中心', '信息', '官方', '网民', '市融', '相关', '辟谣', '山体', '灾害']"
"<a href=""https://www.piyao.org.cn/2022-09/25/c_1211687036.htm"" target=""_blank"">有卧底在上海楼宇里散播新冠病毒</a>","视频,采样,棉签,涂抹,发布者,环境,恶意,武汉,网民,圈群",微博、上海辟谣平台,,中国互联网联合辟谣平台,"['视频', '采样', '棉签', '涂抹', '发布者', '环境', '恶意', '武汉', '网民', '圈群']"
"<a href=""https://www.piyao.org.cn/2022-09/25/c_1211687021.htm"" target=""_blank"">异地不返乡人员扫码申请补贴4000元</a>","朋友圈,网警,二维码,网民,发现,转发,点击,信息,牢记,补贴",微博,,中国互联网联合辟谣平台,"['朋友圈', '网警', '二维码', '网民', '发现', '转发', '点击', '信息', '牢记', '补贴']"
"<a href=""https://www.piyao.org.cn/2022-09/23/c_1211687009.htm"" target=""_blank"">郑州城管不到20天贴出74万张违停单</a>",,抖音,,中国互联网联合辟谣平台,['']
"<a href=""https://www.piyao.org.cn/2022-09/23/c_1211687004.htm"" target=""_blank"">浙江大学保安招聘考试题有大学数学</a>",,抖音,,中国互联网联合辟谣平台,['']
"<a href=""https://www.piyao.org.cn/2022-09/25/c_1211686995.htm"" target=""_blank"">义乌市民被转运至监狱隔离</a>","义乌市,隔离,信息,指挥部,发现,造谣,权威,官方,防控,不信",微博,,中国互联网联合辟谣平台,"['义乌市', '隔离', '信息', '指挥部', '发现', '造谣', '权威', '官方', '防控', '不信']"
"<a href=""https://www.piyao.org.cn/2022-09/23/c_1211686969.htm"" target=""_blank"">政府医疗费用80%花在党政干部群体身上</a>",,微博,,中国互联网联合辟谣平台,['']
"<a href=""https://www.piyao.org.cn/2022-09/24/c_1211686960.htm"" target=""_blank"">广西多地关停屠宰场，全面禁售猪肉</a>","屠宰场,平南县,猪肉,广西,所有,关停,谣言,全面,了解到,客户端",微博,,中国互联网联合辟谣平台,"['屠宰场', '平南县', '猪肉', '广西', '所有', '关停', '谣言', '全面', '了解到', '客户端']"
"<a href=""https://www.piyao.org.cn/2022-09/23/c_1211686952.htm"" target=""_blank"">国家食品药品监督局集中受理狗肉馆举报</a>","辟谣,微博,来源",微博,,中国互联网联合辟谣平台,"['辟谣', '微博', '来源']"
"<a href=""https://www.piyao.org.cn/2022-09/28/c_1211687020.htm"" target=""_blank"">上海一小区因喷洒酒精消毒不当着火</a>",,微博,,中国互联网联合辟谣平台,['']
"<a href=""https://www.piyao.org.cn/2022-09/28/c_1211687001.htm"" target=""_blank"">中国博士生与农村老父亲合影</a>",,微博,,中国互联网联合辟谣平台,['']
"<a href=""https://www.piyao.org.cn/2022-09/28/c_1211688471.htm"" target=""_blank"">抗原检测可替代核酸检测</a>",,公众举报,,中国互联网联合辟谣平台,['']
"<a href=""https://www.piyao.org.cn/2022-09/28/c_1211688467.htm"" target=""_blank"">凯莱英天津滨海区实验室发生爆炸</a>",,公众举报,,中国互联网联合辟谣平台,['']
"<a href=""https://www.piyao.org.cn/2022-09/28/c_1211688043.htm"" target=""_blank"">“食品级”化妆品可以食用</a>","点击,真相",公众举报,,中国互联网联合辟谣平台,"['点击', '真相']"
"<a href=""https://www.piyao.org.cn/2022-09/28/c_1211688028.htm"" target=""_blank"">食用金箔是高端食品添加剂对身体有益</a>","点击,真相",微博,,中国互联网联合辟谣平台,"['点击', '真相']"
"<a href=""https://www.piyao.org.cn/2022-09/28/c_1211688021.htm"" target=""_blank"">草莓是水果中的“百毒之首”</a>","点击,真相",微博,,中国互联网联合辟谣平台,"['点击', '真相']"
"<a href=""https://www.piyao.org.cn/2022-09/28/c_1211688020.htm"" target=""_blank"">牛奶会导致未成年人性早熟</a>","点击,真相",公众举报,,中国互联网联合辟谣平台,"['点击', '真相']"
"<a href=""https://www.piyao.org.cn/2022-09/28/c_1211688017.htm"" target=""_blank"">市面上的金针菇有刺鼻气味是因为含甲醛</a>","点击,真相",微博,,中国互联网联合辟谣平台,"['点击', '真相']"
"<a href=""https://www.piyao.org.cn/2022-09/28/c_1211687711.htm"" target=""_blank"">西安确诊新冠人群超一半是在核酸检测过程中被感染</a>","信息,西安市,了解到,疾控中心,过程中,严重,造谣,本轮,传谣,责任",微博,,中国互联网联合辟谣平台,"['信息', '西安市', '了解到', '疾控中心', '过程中', '严重', '造谣', '本轮', '传谣', '责任']"
"<a href=""https://www.piyao.org.cn/2022-09/28/c_1211687511.htm"" target=""_blank"">做完核酸要喝醋和热水杀菌</a>",,公众举报,,中国互联网联合辟谣平台,['']
"<a href=""https://www.piyao.org.cn/2022-09/28/c_1211687667.htm"" target=""_blank"">孕妇吃螃蟹、甲鱼会导致流产</a>",,公众举报,,中国互联网联合辟谣平台,['']
"<a href=""https://www.piyao.org.cn/2022-09/28/c_1211687537.htm"" target=""_blank"">水果越酸含维生素C越高</a>",,今日头条,,中国互联网联合辟谣平台,['']
"<a href=""https://www.piyao.org.cn/2022-09/28/c_1211687391.htm"" target=""_blank"">无线充电产生的辐射会危害身体健康</a>",,公众举报,,中国互联网联合辟谣平台,['']
"<a href=""https://www.piyao.org.cn/2022-09/28/c_1211687310.htm"" target=""_blank"">桉树是有害的外来物种</a>",,微博,,中国互联网联合辟谣平台,['']
"<a href=""https://www.piyao.org.cn/2022-09/28/c_1211687171.htm"" target=""_blank"">江西出现十几例被虫子咬后死亡的病例</a>",,抖音,,中国互联网联合辟谣平台,['']
"<a href=""https://www.piyao.org.cn/2022-09/28/c_1211687465.htm"" target=""_blank"">学前儿童不用预防近视</a>",,公众举报,,中国互联网联合辟谣平台,['']
"<a href=""https://www.piyao.org.cn/2022-09/23/c_1211686939.htm"" target=""_blank"">重庆潼南社区干部给枯萎的玉米杆浇水</a>",,抖音,,中国互联网联合辟谣平台,['']
"<a href=""https://www.piyao.org.cn/2022-09/25/c_1211686923.htm"" target=""_blank"">日本宣布攻克白血病</a>","白血病,治愈率,日本,Kymriah,发明,特效药,发现,宣布,生存,日媒",微博,,中国互联网联合辟谣平台,"['白血病', '治愈率', '日本', 'Kymriah', '发明', '特效药', '发现', '宣布', '生存', '日媒']"
"<a href=""https://www.piyao.org.cn/2022-09/24/c_1211687312.htm"" target=""_blank"">毛岸英牺牲是因为做蛋炒饭暴露了目标</a>","网络,党史,谣言,中国,中央网信办,互联网,社会,重要,诚信,内容",微博,,中国互联网联合辟谣平台,"['网络', '党史', '谣言', '中国', '中央网信办', '互联网', '社会', '重要', '诚信', '内容']"
"<a href=""https://www.piyao.org.cn/2022-09/24/c_1211687609.htm"" target=""_blank"">中石化不再从沙特进口更多原油</a>",辟谣：,微博,,中国互联网联合辟谣平台,['辟谣：']
"<a href=""https://www.piyao.org.cn/2022-09/24/c_1211687371.htm"" target=""_blank"">实施延迟退休是因为养老金不够用</a>","养老金,保险,基金,退休,企业,负责人,收支,国家,确保,资金",微博,,中国互联网联合辟谣平台,"['养老金', '保险', '基金', '退休', '企业', '负责人', '收支', '国家', '确保', '资金']"
"<a href=""https://www.piyao.org.cn/2022-09/24/c_1211687349.htm"" target=""_blank"">美国约翰·霍普金斯大学从来没有发布过美国疫情统计数字</a>","数据,美国,约翰·霍普金斯大学,疫情,统计,新闻联播,引用,中国,数字,发布",哔哩哔哩,,中国互联网联合辟谣平台,"['数据', '美国', '约翰·霍普金斯大学', '疫情', '统计', '新闻联播', '引用', '中国', '数字', '发布']"
"<a href=""https://www.piyao.org.cn/2022-09/24/c_1211687321.htm"" target=""_blank"">8年抗战八路军只打死851个日军</a>","点击,真相",360,,中国互联网联合辟谣平台,"['点击', '真相']"
"<a href=""https://www.piyao.org.cn/2022-09/27/c_1211687313.htm"" target=""_blank"">白内障只有老年人会得</a>",,公众举报,,中国互联网联合辟谣平台,['']
"<a href=""https://www.piyao.org.cn/2022-09/25/c_1211687574.htm"" target=""_blank"">洗衣液加84能增强消毒效果</a>",,公众举报,,中国互联网联合辟谣平台,['']
"<a href=""https://www.piyao.org.cn/2022-09/25/c_1211687469.htm"" target=""_blank"">老年人每年输一两次液能通血管</a>",,公众举报,,中国互联网联合辟谣平台,['']
"<a href=""https://www.piyao.org.cn/2022-09/24/c_1211687541.htm"" target=""_blank"">民办中等职业教育学校可义务输送学技术的中考生参军</a>","原文,点击",公众举报,,中国互联网联合辟谣平台,"['原文', '点击']"
"<a href=""https://www.piyao.org.cn/2022-09/24/c_1211687561.htm"" target=""_blank"">气温超过30度时空调除湿模式更省电</a>","原文,点击",公众举报,,中国互联网联合辟谣平台,"['原文', '点击']"
"<a href=""https://www.piyao.org.cn/2022-09/24/c_1211687335.htm"" target=""_blank"">雷雨天手机通话会引发电击</a>","雷击,人体,避雷针,金属,手机,电阻,建筑物,空气,放电,饰品",公众举报,,中国互联网联合辟谣平台,"['雷击', '人体', '避雷针', '金属', '手机', '电阻', '建筑物', '空气', '放电', '饰品']"
"<a href=""https://www.piyao.org.cn/2022-09/24/c_1211687416.htm"" target=""_blank"">工资到账立即取出会影响日后贷款</a>","银行,还款,能力,工资,申请,判断,收入,丹妮,客户,受到影响",微博,,中国互联网联合辟谣平台,"['银行', '还款', '能力', '工资', '申请', '判断', '收入', '丹妮', '客户', '受到影响']"
"<a href=""https://www.piyao.org.cn/2022-09/25/c_1211687449.htm"" target=""_blank"">高达97%的化疗是无效的</a>",,公众举报,,中国互联网联合辟谣平台,['']
"<a href=""https://www.piyao.org.cn/2022-09/25/c_1211687427.htm"" target=""_blank"">补维生素能预防心脏病</a>",,公众举报,,中国互联网联合辟谣平台,['']
"<a href=""https://www.piyao.org.cn/2022-09/24/c_1211687558.htm"" target=""_blank"">邱少云事迹违背生理学常识</a>","点击,真相",公众举报,,中国互联网联合辟谣平台,"['点击', '真相']"
"<a href=""https://www.piyao.org.cn/2022-09/23/c_1211687191.htm"" target=""_blank"">28岁未婚属于五保户每月可领500元</a>","五保户,截图,属于,民政局,未婚,当地,低保,单身,义务,谣记",微博,,中国互联网联合辟谣平台,"['五保户', '截图', '属于', '民政局', '未婚', '当地', '低保', '单身', '义务', '谣记']"
"<a href=""https://www.piyao.org.cn/2022-09/25/c_1211687514.htm"" target=""_blank"">大量出汗能排出体内毒素</a>",,公众举报,,中国互联网联合辟谣平台,['']
"<a href=""https://www.piyao.org.cn/2022-09/25/c_1211687366.htm"" target=""_blank"">冷水服药引发癌症，饭后喝冷水致癌</a>",,公众举报,,中国互联网联合辟谣平台,['']
"<a href=""https://www.piyao.org.cn/2022-09/25/c_1211687332.htm"" target=""_blank"">食物通过地铁安检仪后有辐射不能吃，电动车电池有核辐射</a>","电离,射线,辐照,里面,电脑,核辐射,安检仪,使用,消毒,应用",公众举报,,中国互联网联合辟谣平台,"['电离', '射线', '辐照', '里面', '电脑', '核辐射', '安检仪', '使用', '消毒', '应用']"
"<a href=""https://www.piyao.org.cn/2022-09/24/c_1211687398.htm"" target=""_blank"">上海医保中心开不了长处方药</a>","信息,上海,平台,情况,相关,同仁医院,配药,转发,不实,辟谣",公众举报、上海辟谣平台,,中国互联网联合辟谣平台,"['信息', '上海', '平台', '情况', '相关', '同仁医院', '配药', '转发', '不实', '辟谣']"
"<a href=""https://www.piyao.org.cn/2022-09/25/c_1211687584.htm"" target=""_blank"">紫菜烹饪后变绿就是假紫菜</a>","原文,点击",公众举报,,中国互联网联合辟谣平台,"['原文', '点击']"
"<a href=""https://www.piyao.org.cn/2022-09/25/c_1211687579.htm"" target=""_blank"">儿童用药只要“减半”就好</a>","剂量,儿童,减半,用药,计算,需要,服药,获得,准确,进行",公众举报,,中国互联网联合辟谣平台,"['剂量', '儿童', '减半', '用药', '计算', '需要', '服药', '获得', '准确', '进行']"
"<a href=""https://www.piyao.org.cn/2022-09/25/c_1211687571.htm"" target=""_blank"">口服青霉素不用做皮试</a>","原文,点击",公众举报,,中国互联网联合辟谣平台,"['原文', '点击']"
"<a href=""https://www.piyao.org.cn/2022-09/25/c_1211687568.htm"" target=""_blank"">加湿器中添加杀菌剂对身体有益</a>","原文,点击",公众举报,,中国互联网联合辟谣平台,"['原文', '点击']"
"<a href=""https://www.piyao.org.cn/2022-09/25/c_1211687392.htm"" target=""_blank"">干眼症用眼药水“补水”就能治疗</a>","干眼症,眼药水,泪膜,板腺,角膜,损害,症状,加重,医院,病情",公众举报,,中国互联网联合辟谣平台,"['干眼症', '眼药水', '泪膜', '板腺', '角膜', '损害', '症状', '加重', '医院', '病情']"
"<a href=""https://www.piyao.org.cn/2022-09/25/c_1211687386.htm"" target=""_blank"">食物放冰箱放多久都不会坏</a>","冰箱,食物,冷藏,一周,放进,放入,储藏,保鲜,容易,冷冻",公众举报,,中国互联网联合辟谣平台,"['冰箱', '食物', '冷藏', '一周', '放进', '放入', '储藏', '保鲜', '容易', '冷冻']"
"<a href=""https://www.piyao.org.cn/2022-09/25/c_1211687422.htm"" target=""_blank"">酒精浓度越高消毒效果越好</a>","消毒,医用酒精,浓度,作用,病原体,微生物,预防,褥疮,发生,用于",公众举报,,中国互联网联合辟谣平台,"['消毒', '医用酒精', '浓度', '作用', '病原体', '微生物', '预防', '褥疮', '发生', '用于']"
"<a href=""https://www.piyao.org.cn/2022-09/25/c_1211687435.htm"" target=""_blank"">吃腐乳会致癌</a>","原文,点击",公众举报,,中国互联网联合辟谣平台,"['原文', '点击']"
"<a href=""https://www.piyao.org.cn/2022-09/25/c_1211687346.htm"" target=""_blank"">牛奶保质期长是因为加了防腐剂</a>","牛奶,灭菌,保质期,防腐剂,保存,普遍,采用,有的人,没必要,一般为",公众举报,,中国互联网联合辟谣平台,"['牛奶', '灭菌', '保质期', '防腐剂', '保存', '普遍', '采用', '有的人', '没必要', '一般为']"
"<a href=""https://www.piyao.org.cn/2022-09/25/c_1211687326.htm"" target=""_blank"">喝咖啡致癌、伤胃、会导致皮肤变黑</a>","咖啡,令人担忧,醒脑,放松,提神,有害,皮肤,致癌,一些,民间",公众举报,,中国互联网联合辟谣平台,"['咖啡', '令人担忧', '醒脑', '放松', '提神', '有害', '皮肤', '致癌', '一些', '民间']"
"<a href=""https://www.piyao.org.cn/2022-09/25/c_1211687317.htm"" target=""_blank"">洗杨梅掉色是因为添加染色剂</a>","杨梅,虫子,花青素,冲洗,成熟,说明,食用,染色剂,存在,水果",公众举报,,中国互联网联合辟谣平台,"['杨梅', '虫子', '花青素', '冲洗', '成熟', '说明', '食用', '染色剂', '存在', '水果']"
"<a href=""https://www.piyao.org.cn/2022-09/25/c_1211687410.htm"" target=""_blank"">喝红糖水可以补铁补血</a>","补铁,红糖,每天,经期,动物,食物,蛏子,血红素,特别是,需求量",公众举报,,中国互联网联合辟谣平台,"['补铁', '红糖', '每天', '经期', '动物', '食物', '蛏子', '血红素', '特别是', '需求量']"
"<a href=""https://www.piyao.org.cn/2022-09/25/c_1211687480.htm"" target=""_blank"">SPF指数越高防晒效果就越好</a>",,今日头条,,中国互联网联合辟谣平台,['']
"<a href=""https://www.piyao.org.cn/2022-09/25/c_1211687472.htm"" target=""_blank"">吃蒲公英能治疗甲状腺瘤</a>",,今日头条,,中国互联网联合辟谣平台,['']
"<a href=""https://www.piyao.org.cn/2022-09/28/c_1211688037.htm"" target=""_blank"">晚上吃水果容易得糖尿病</a>","点击,真相",公众举报,,中国互联网联合辟谣平台,"['点击', '真相']"
"<a href=""https://www.piyao.org.cn/2022-09/25/c_1211687328.htm"" target=""_blank"">所有类型甲状腺疾病的防治都要补碘</a>",,公众举报,,中国互联网联合辟谣平台,['']
"<a href=""https://www.piyao.org.cn/2022-09/25/c_1211687324.htm"" target=""_blank"">颈椎病发作，撤掉枕头平躺睡几天就好了</a>",,公众举报,,中国互联网联合辟谣平台,['']
"<a href=""https://www.piyao.org.cn/2022-09/24/c_1211687570.htm"" target=""_blank"">军校招生学费一年88888、招收体育文艺武术特长生等</a>","原文,链接",公众举报,,中国互联网联合辟谣平台,"['原文', '链接']"
"<a href=""https://www.piyao.org.cn/2022-09/28/c_1211687495.htm"" target=""_blank"">抗原检测提取液含剧毒易炸物</a>",,公众举报,,中国互联网联合辟谣平台,['']
"<a href=""https://www.piyao.org.cn/2022-09/24/c_1211687572.htm"" target=""_blank"">成年人不会得水痘</a>",,公众举报,,中国互联网联合辟谣平台,['']
"<a href=""https://www.piyao.org.cn/2022-09/24/c_1211687578.htm"" target=""_blank"">根据房间温度随时开关空调可以节省电量</a>","原文,点击",公众举报、上海辟谣平台,,中国互联网联合辟谣平台,"['原文', '点击']"
"<a href=""https://www.piyao.org.cn/2022-09/24/c_1211687074.htm"" target=""_blank"">华山捞尸队捞一具尸体1.5万元</a>","洪湖市,造谣,警方,某宝,华山,事实,依法,传谣,网友,网民",微博,,中国互联网联合辟谣平台,"['洪湖市', '造谣', '警方', '某宝', '华山', '事实', '依法', '传谣', '网友', '网民']"
"<a href=""https://www.piyao.org.cn/2022-09/24/c_1211687512.htm"" target=""_blank"">军委人才工作会议发布军事职业教育招生信息</a>","原文,点击",公众举报,,中国互联网联合辟谣平台,"['原文', '点击']"
"<a href=""https://www.piyao.org.cn/2022-09/28/c_1211687548.htm"" target=""_blank"">接种冠状病毒疫苗后打麻药会导致死亡</a>",,公众举报,,中国互联网联合辟谣平台,['']
"<a href=""https://www.piyao.org.cn/2022-09/24/c_1211687302.htm"" target=""_blank"">《毛泽东选集》绝大部分是由中共中央其他领导成员或毛泽东的秘书等人起草？</a>","点击,真相",公众举报,,中国互联网联合辟谣平台,"['点击', '真相']"
"<a href=""https://www.piyao.org.cn/2022-09/28/c_1211687566.htm"" target=""_blank"">口罩潮湿不影响防护效果</a>",,微博,,中国互联网联合辟谣平台,['']
"<a href=""https://www.piyao.org.cn/2022-09/24/c_1211687569.htm"" target=""_blank"">中国扶贫标准低于世界标准</a>","原文,点击",公众举报,,中国互联网联合辟谣平台,"['原文', '点击']"
"<a href=""https://www.piyao.org.cn/2022-09/24/c_1211687549.htm"" target=""_blank"">首钢滑雪大跳台是核电站</a>","原文,点击",公众举报,,中国互联网联合辟谣平台,"['原文', '点击']"
"<a href=""https://www.piyao.org.cn/2022-09/25/c_1211687450.htm"" target=""_blank"">吃杨梅感染SK5病毒死亡</a>",,公众举报,,中国互联网联合辟谣平台,['']
"<a href=""https://www.piyao.org.cn/2022-09/25/c_1211687407.htm"" target=""_blank"">酒后头痛可吃止痛片缓解</a>",,公众举报,,中国互联网联合辟谣平台,['']
"<a href=""https://www.piyao.org.cn/2022-09/24/c_1211687307.htm"" target=""_blank"">雷锋事迹是假的，照片都是摆拍</a>","点击,真相",公众举报,,中国互联网联合辟谣平台,"['点击', '真相']"
"<a href=""https://www.piyao.org.cn/2022-09/25/c_1211687390.htm"" target=""_blank"">热射病只发生在室外</a>",,公众举报,,中国互联网联合辟谣平台,['']
"<a href=""https://www.piyao.org.cn/2022-09/25/c_1211687370.htm"" target=""_blank"">吃腊八蒜能防癌、软化血管</a>",,微博,,中国互联网联合辟谣平台,['']
"<a href=""https://www.piyao.org.cn/2022-09/25/c_1211687358.htm"" target=""_blank"">儿童接种流感疫苗没用</a>",,公众举报,,中国互联网联合辟谣平台,['']
"<a href=""https://www.piyao.org.cn/2022-09/25/c_1211687351.htm"" target=""_blank"">水果吃的越多越好</a>",,公众举报,,中国互联网联合辟谣平台,['']
"<a href=""https://www.piyao.org.cn/2022-09/24/c_1211687516.htm"" target=""_blank"">“周恩来日记”“邓颖超日记”解封</a>","点击,真相",公众举报,,中国互联网联合辟谣平台,"['点击', '真相']"
"<a href=""https://www.piyao.org.cn/2022-09/24/c_1211687227.htm"" target=""_blank"">《沁园春·雪》的作者是胡乔木而非毛泽东</a>","点击,真相",公众举报,,中国互联网联合辟谣平台,"['点击', '真相']"
"<a href=""https://www.piyao.org.cn/2022-09/28/c_1211688036.htm"" target=""_blank"">0蔗糖等于无糖</a>","点击,真相",公众举报,,中国互联网联合辟谣平台,"['点击', '真相']"
"<a href=""https://www.piyao.org.cn/2022-09/28/c_1211687999.htm"" target=""_blank"">量子美容可以除皱抗衰</a>","点击,真相",公众举报,,中国互联网联合辟谣平台,"['点击', '真相']"
"<a href=""https://www.piyao.org.cn/2022-09/24/c_1211687492.htm"" target=""_blank"">毛主席“未发表过的”17首诗词</a>","点击,真相",公众举报,,中国互联网联合辟谣平台,"['点击', '真相']"
"<a href=""https://www.piyao.org.cn/2022-09/24/c_1211687374.htm"" target=""_blank"">营养不够、免疫力低，输点“白蛋白”就没事</a>",,微博,,中国互联网联合辟谣平台,['']
"<a href=""https://www.piyao.org.cn/2022-09/24/c_1211687425.htm"" target=""_blank"">吃素的人不会患脂肪肝</a>",,公众举报,,中国互联网联合辟谣平台,['']
"<a href=""https://www.piyao.org.cn/2022-09/24/c_1211687418.htm"" target=""_blank"">核能供暖的热水带有辐射</a>",,公众举报,,中国互联网联合辟谣平台,['']
"<a href=""https://www.piyao.org.cn/2022-09/25/c_1211687394.htm"" target=""_blank"">伤口上撒盐能杀菌</a>",,公众举报,,中国互联网联合辟谣平台,['']
"<a href=""https://www.piyao.org.cn/2022-09/24/c_1211687439.htm"" target=""_blank"">董存瑞的事迹是编造的</a>","点击,真相",公众举报,,中国互联网联合辟谣平台,"['点击', '真相']"
"<a href=""https://www.piyao.org.cn/2022-09/25/c_1211687479.htm"" target=""_blank"">O型血是“万能血”，可以随便输</a>",,公众举报,,中国互联网联合辟谣平台,['']
"<a href=""https://www.piyao.org.cn/2022-09/25/c_1211687520.htm"" target=""_blank"">儿童夜里磨牙是因为肚子里有蛔虫</a>",,公众举报,,中国互联网联合辟谣平台,['']
"<a href=""https://www.piyao.org.cn/2022-09/25/c_1211687544.htm"" target=""_blank"">“刷酸”美容自己在家就能做</a>",,公众举报,,中国互联网联合辟谣平台,['']
"<a href=""https://www.piyao.org.cn/2022-09/25/c_1211687493.htm"" target=""_blank"">睡硬板床可以帮助减轻腰痛</a>",,公众举报,,中国互联网联合辟谣平台,['']
"<a href=""https://www.piyao.org.cn/2022-09/24/c_1211687303.htm"" target=""_blank"">抗美援朝是“北朝鲜对南朝鲜的侵略战争”，中国人民志愿军是“支持侵略者”</a>","点击,真相",公众举报,,中国互联网联合辟谣平台,"['点击', '真相']"
"<a href=""https://www.piyao.org.cn/2022-09/25/c_1211687488.htm"" target=""_blank"">吃枇杷果能止咳</a>",,公众举报,,中国互联网联合辟谣平台,['']
"<a href=""https://www.piyao.org.cn/2022-09/25/c_1211687531.htm"" target=""_blank"">无防腐剂的化妆品更安全</a>",,公众举报,,中国互联网联合辟谣平台,['']
"<a href=""https://www.piyao.org.cn/2022-09/25/c_1211687408.htm"" target=""_blank"">绿豆汤、海带汤可以解酒</a>",,公众举报,,中国互联网联合辟谣平台,['']
"<a href=""https://www.piyao.org.cn/2022-09/24/c_1211687534.htm"" target=""_blank"">八路军“游而不击”，国民党才是抗战的中流砥柱</a>","点击,真相",公众举报,,中国互联网联合辟谣平台,"['点击', '真相']"
"<a href=""https://www.piyao.org.cn/2022-09/25/c_1211687554.htm"" target=""_blank"">干细胞化妆品可修复皮肤、抗衰老</a>",,公众举报,,中国互联网联合辟谣平台,['']
"<a href=""https://www.piyao.org.cn/2022-09/28/c_1211687913.htm"" target=""_blank"">豆浆喝多了会诱发乳腺癌</a>",,公众举报,,中国互联网联合辟谣平台,['']
"<a href=""https://www.piyao.org.cn/2022-09/28/c_1211687882.htm"" target=""_blank"">蚊子包越大毒性越强</a>",,公众举报,,中国互联网联合辟谣平台,['']
"<a href=""https://www.piyao.org.cn/2022-09/25/c_1211687536.htm"" target=""_blank"">白天使用含VC化妆品皮肤会变黑</a>",,公众举报,,中国互联网联合辟谣平台,['']
"<a href=""https://www.piyao.org.cn/2022-09/25/c_1211687401.htm"" target=""_blank"">牙膏能“促长牙”“补牙洞”</a>",,今日头条,,中国互联网联合辟谣平台,['']
"<a href=""https://www.piyao.org.cn/2022-09/24/c_1211687487.htm"" target=""_blank"">方志敏因绑架师达能夫妇而被判处死刑</a>","点击,真相",公众举报,,中国互联网联合辟谣平台,"['点击', '真相']"
"<a href=""https://www.piyao.org.cn/2022-09/28/c_1211687551.htm"" target=""_blank"">国产食盐含有亚铁氰化钾有毒</a>",,今日头条,,中国互联网联合辟谣平台,['']
"<a href=""https://www.piyao.org.cn/2022-09/28/c_1211686994.htm"" target=""_blank"">章丘一中学为防止学生早恋设计反光校服</a>",,微博,,中国互联网联合辟谣平台,['']
"<a href=""https://www.piyao.org.cn/2022-09/28/c_1211686945.htm"" target=""_blank"">行车中接吻扣6分，罚款2000</a>",,微博,,中国互联网联合辟谣平台,['']
"<a href=""https://www.piyao.org.cn/2022-09/28/c_1211687430.htm"" target=""_blank"">扁豆会损害肝脏，不能吃</a>",,公众举报,,中国互联网联合辟谣平台,['']
"<a href=""https://www.piyao.org.cn/2022-09/28/c_1211687912.htm"" target=""_blank"">合成色素不能用于食品</a>",,公众举报,,中国互联网联合辟谣平台,['']
"<a href=""https://www.piyao.org.cn/2022-09/28/c_1211687429.htm"" target=""_blank"">新冠检测的采样拭子有毒</a>",,微博,,中国互联网联合辟谣平台,['']
"<a href=""https://www.piyao.org.cn/2022-09/28/c_1211687412.htm"" target=""_blank"">海带、菠菜性凉，容易导致积食，孕妇吃多了容易引起便秘</a>",,公众举报,,中国互联网联合辟谣平台,['']
"<a href=""https://www.piyao.org.cn/2022-09/24/c_1211687446.htm"" target=""_blank"">肥胖真的会导致血管“流油”，可以通过透析去掉</a>",,公众举报,,中国互联网联合辟谣平台,['']
"<a href=""https://www.piyao.org.cn/2022-09/24/c_1211687333.htm"" target=""_blank"">江姐存在个人作风问题</a>","点击,真相",公众举报,,中国互联网联合辟谣平台,"['点击', '真相']"
"<a href=""https://www.piyao.org.cn/2022-09/24/c_1211687434.htm"" target=""_blank"">使用微波炉会加速甲状腺结节恶化</a>",,公众举报,,中国互联网联合辟谣平台,['']
"<a href=""https://www.piyao.org.cn/2022-09/25/c_1211687499.htm"" target=""_blank"">车厘子是补铁补血佳品</a>",,公众举报,,中国互联网联合辟谣平台,['']
"<a href=""https://www.piyao.org.cn/2022-09/25/c_1211687462.htm"" target=""_blank"">吃蕨菜会致癌</a>",,公众举报,,中国互联网联合辟谣平台,['']
"<a href=""https://www.piyao.org.cn/2022-09/25/c_1211687452.htm"" target=""_blank"">豆浆含雌性激素，男人不能喝</a>",,公众举报,,中国互联网联合辟谣平台,['']
"<a href=""https://www.piyao.org.cn/2022-09/25/c_1211687471.htm"" target=""_blank"">糖尿病人不能吃红薯</a>",,公众举报,,中国互联网联合辟谣平台,['']
"<a href=""https://www.piyao.org.cn/2022-09/24/c_1211687314.htm"" target=""_blank"">黄继光的事迹是不可能出现的</a>","点击,真相",公众举报,,中国互联网联合辟谣平台,"['点击', '真相']"
"<a href=""https://www.piyao.org.cn/2022-09/28/c_1211687519.htm"" target=""_blank"">水果蔬菜表面有新冠病毒一定会使人感染</a>",,公众举报,,中国互联网联合辟谣平台,['']
"<a href=""https://www.piyao.org.cn/2022-09/28/c_1211687515.htm"" target=""_blank"">做完核酸后身体有磁性，能吸住金属</a>",,公众举报,,中国互联网联合辟谣平台,['']
"<a href=""https://www.piyao.org.cn/2022-09/28/c_1211687689.htm"" target=""_blank"">东西向睡觉会导致失眠</a>",,公众举报,,中国互联网联合辟谣平台,['']
"<a href=""https://www.piyao.org.cn/2022-09/28/c_1211687668.htm"" target=""_blank"">使用空气炸锅会致癌</a>",,公众举报,,中国互联网联合辟谣平台,['']
"<a href=""https://www.piyao.org.cn/2022-09/28/c_1211687658.htm"" target=""_blank"">荧光剂不安全</a>",,公众举报,,中国互联网联合辟谣平台,['']
"<a href=""https://www.piyao.org.cn/2022-09/28/c_1211687389.htm"" target=""_blank"">北斗卫星导航系统会频繁掉线</a>",,公众举报,,中国互联网联合辟谣平台,['']
"<a href=""https://www.piyao.org.cn/2022-09/28/c_1211687381.htm"" target=""_blank"">给手机充电彻底充满能使电池寿命更持久</a>",,公众举报,,中国互联网联合辟谣平台,['']
"<a href=""https://www.piyao.org.cn/2022-09/28/c_1211687368.htm"" target=""_blank"">老人定期献血利于降血脂</a>",,公众举报,,中国互联网联合辟谣平台,['']
"<a href=""https://www.piyao.org.cn/2022-09/28/c_1211688046.htm"" target=""_blank"">鸡蛋威胁人类健康</a>","点击,真相",公众举报,,中国互联网联合辟谣平台,"['点击', '真相']"
"<a href=""https://www.piyao.org.cn/2022-09/24/c_1211687322.htm"" target=""_blank"">左权不是战死的</a>","点击,真相",公众举报,,中国互联网联合辟谣平台,"['点击', '真相']"
"<a href=""https://www.piyao.org.cn/2022-09/28/c_1211688079.htm"" target=""_blank"">吃完柿子喝酸奶或吃香蕉会中毒身亡</a>",,微博,,中国互联网联合辟谣平台,['']
"<a href=""https://www.piyao.org.cn/2022-09/28/c_1211687921.htm"" target=""_blank"">中国科学院空天信息创新研究院限制女科学家入职</a>",,微博,,中国互联网联合辟谣平台,['']
"<a href=""https://www.piyao.org.cn/2022-09/28/c_1211687916.htm"" target=""_blank"">国产食盐里的亚铁氰化钾有毒</a>",,微博,,中国互联网联合辟谣平台,['']
"<a href=""https://www.piyao.org.cn/2022-09/28/c_1211687687.htm"" target=""_blank"">宜宾地震后出现120米的巨龙</a>","宜宾,谣言,地震,疯传,数千人,可歌可泣,颠倒是非,万众一心,朋友圈,以讹传讹",微博,,中国互联网联合辟谣平台,"['宜宾', '谣言', '地震', '疯传', '数千人', '可歌可泣', '颠倒是非', '万众一心', '朋友圈', '以讹传讹']"
"<a href=""https://www.piyao.org.cn/2022-09/28/c_1211687673.htm"" target=""_blank"">“洋”蔬菜比普通蔬菜营养价值高</a>",,公众举报,,中国互联网联合辟谣平台,['']
"<a href=""https://www.piyao.org.cn/2022-09/28/c_1211687671.htm"" target=""_blank"">无锡有H7N9病亡者</a>","传谣,一条,不信,环境,病亡,暂时,信息,良好,一定,社交",微博,,中国互联网联合辟谣平台,"['传谣', '一条', '不信', '环境', '病亡', '暂时', '信息', '良好', '一定', '社交']"
"<a href=""https://www.piyao.org.cn/2022-09/28/c_1211687478.htm"" target=""_blank"">心脏支架手术是“无效的医疗”</a>",,今日头条,,中国互联网联合辟谣平台,['']
"<a href=""https://www.piyao.org.cn/2022-09/28/c_1211687477.htm"" target=""_blank"">憋气30秒说明肺部健康</a>",,UC浏览器,,中国互联网联合辟谣平台,['']
"<a href=""https://www.piyao.org.cn/2022-09/28/c_1211687476.htm"" target=""_blank"">饭后马上躺下或者松裤腰带会导致胃下垂</a>",,抖音,,中国互联网联合辟谣平台,['']
"<a href=""https://www.piyao.org.cn/2022-09/28/c_1211687438.htm"" target=""_blank"">加碘盐会导致甲状腺结节</a>",,微博,,中国互联网联合辟谣平台,['']
"<a href=""https://www.piyao.org.cn/2022-09/28/c_1211687466.htm"" target=""_blank"">血管堵塞20%没感觉，40%容易累，50%血压高</a>",,抖音,,中国互联网联合辟谣平台,['']
"<a href=""https://www.piyao.org.cn/2022-09/28/c_1211687459.htm"" target=""_blank"">医美面膜绝对安全</a>",,微博,,中国互联网联合辟谣平台,['']
"<a href=""https://www.piyao.org.cn/2022-09/28/c_1211687444.htm"" target=""_blank"">儿童化妆品有“小金盾”就是质量认证标志</a>",,微博,,中国互联网联合辟谣平台,['']
"<a href=""https://www.piyao.org.cn/2022-09/28/c_1211687387.htm"" target=""_blank"">茄子活血化瘀、软化血管，还易引发腹泻、肚子痛等症状</a>",,今日头条,,中国互联网联合辟谣平台,['']
"<a href=""https://www.piyao.org.cn/2022-09/28/c_1211687139.htm"" target=""_blank"">成都乘坐地铁需提供多种证件证明，否则劝返</a>",,快手,,中国互联网联合辟谣平台,['']
"<a href=""https://www.piyao.org.cn/2022-09/28/c_1211687115.htm"" target=""_blank"">彭龙美的录取通知书丢在厦门105路公交车上</a>",,抖音,,中国互联网联合辟谣平台,['']
"<a href=""https://www.piyao.org.cn/2022-09/28/c_1211687104.htm"" target=""_blank"">死亡的鸟类传播猴痘病毒</a>",,微博,,中国互联网联合辟谣平台,['']
