rumor_summary,rumor_keywords,rumor_publishTime,rumor_editor,rumor_sourceText,split_keywords
2025年3月7日辟谣：外交部：所谓“中国控制巴拿马运河”纯属谎言详情：误区：接触购物小票会致癌。,"详情,巴拿马运河,互联网,外交部,北京市,屈绍辉,接触,谎言,情况,涉企",2025-03-07 16:17:29,贾玉韬,中国互联网联合辟谣平台,"['详情', '巴拿马运河', '互联网', '外交部', '北京市', '屈绍辉', '接触', '谎言', '情况', '涉企']"
,"真相,屈绍辉,李洪,误区,统筹,提示,编辑,策划,详情,董晓",2025-03-06 16:19:53,李亚琼,中国互联网联合辟谣平台,"['真相', '屈绍辉', '李洪', '误区', '统筹', '提示', '编辑', '策划', '详情', '董晓']"
,,2025-03-05 18:12:55,周文婧,中国互联网联合辟谣平台,['']
2025年3月4日谣言：真相：近误区：真相：此提示：详情：近统筹：屈绍辉 策划：李洪雷 董晓 编辑：李亚琼 设计：肖丽丽 尹路。,"真相,屈绍辉,李洪,误区,统筹,提示,编辑,策划,详情,董晓",2025-03-04 17:05:39,闫丹丹,中国互联网联合辟谣平台,"['真相', '屈绍辉', '李洪', '误区', '统筹', '提示', '编辑', '策划', '详情', '董晓']"
,"真相,谣言,详情,屈绍辉,李洪,统筹,提示,策划,李亚,科普",2025-03-03 16:34:00,吴炎,中国互联网联合辟谣平台,"['真相', '谣言', '详情', '屈绍辉', '李洪', '统筹', '提示', '策划', '李亚', '科普']"
2025年2月28日辟谣：详情：谣言：真相：科普：详情：关注：详情：详情：2024年全国网信系统严厉打击网络违法违规行为 切实维护网络空间清朗统筹：屈绍辉 策划：李洪雷 董晓 编辑：霍晶莹 设计：肖丽丽 尹路。,"详情,网络,屈绍辉,严厉打击,李洪,全国,网信,设计,晶莹,科普",2025-02-28 17:25:53,董晋,中国互联网联合辟谣平台,"['详情', '网络', '屈绍辉', '严厉打击', '李洪', '全国', '网信', '设计', '晶莹', '科普']"
（来源：“新疆网络辟谣”微信公众号）科普：土拨鼠详情：近日。,"微信,公众,来源,近日,详情,中国,新疆,辟谣,土拨鼠,屈绍辉",2025-02-27 16:50:38,霍晶莹,中国互联网联合辟谣平台,"['微信', '公众', '来源', '近日', '详情', '中国', '新疆', '辟谣', '土拨鼠', '屈绍辉']"
2025年2月26日谣言：真相：近误区：真相：此提示：详情：近统筹：屈绍辉 策划：李洪雷 董晓 编辑：吴炎 设计：肖丽丽 尹路。,"真相,屈绍辉,李洪,误区,统筹,提示,编辑,策划,详情,董晓",2025-02-26 14:50:00,芮静,中国互联网联合辟谣平台,"['真相', '屈绍辉', '李洪', '误区', '统筹', '提示', '编辑', '策划', '详情', '董晓']"
真相：误区：心脏支架手术将被淘汰。,"真相,DeepSeek,屈绍辉,新区,手术,用户,涌现,大量,提高,详情",2025-02-25 15:38:03,贾玉韬,中国互联网联合辟谣平台,"['真相', 'DeepSeek', '屈绍辉', '新区', '手术', '用户', '涌现', '大量', '提高', '详情']"
,,2025-02-24 17:12:52,周文婧,中国互联网联合辟谣平台,['']
,"真相,设计,屈绍辉,李洪,统筹,提示,策划,详情,误区,董晓",2025-02-21 16:35:01,李亚琼,中国互联网联合辟谣平台,"['真相', '设计', '屈绍辉', '李洪', '统筹', '提示', '策划', '详情', '误区', '董晓']"
2025年2月20日谣言：真相：近误区：真相：此提示：详情：近统筹：屈绍辉 策划：李洪雷 董晓 编辑：闫丹丹 设计：肖丽丽 尹路。,"真相,屈绍辉,李洪,误区,统筹,提示,编辑,策划,详情,董晓",2025-02-20 17:22:52,闫丹丹,中国互联网联合辟谣平台,"['真相', '屈绍辉', '李洪', '误区', '统筹', '提示', '编辑', '策划', '详情', '董晓']"
,"详情,屈绍辉,李洪,统筹,提示,谣言,编辑,策划,董晓,科普",2025-02-19 16:59:00,吴炎,中国互联网联合辟谣平台,"['详情', '屈绍辉', '李洪', '统筹', '提示', '谣言', '编辑', '策划', '董晓', '科普']"
2025年2月18日谣言：真相：误区：真相：关注：详情：统筹：屈绍辉 策划：李洪雷 董晓 编辑：霍晶莹 设计：肖丽丽 尹路。,"真相,屈绍辉,李洪,误区,统筹,编辑,策划,董晓,晶莹,详情",2025-02-18 17:09:00,董晋,中国互联网联合辟谣平台,"['真相', '屈绍辉', '李洪', '误区', '统筹', '编辑', '策划', '董晓', '晶莹', '详情']"
,,2025-02-17 17:46:48,霍晶莹,中国互联网联合辟谣平台,['']
2025年2月6日谣言：真相：近误区：真相：此提示：详情：近统筹：屈绍辉 策划：李洪雷 董晓 编辑：周文婧 设计：肖丽丽 尹路。,"真相,屈绍辉,李洪,误区,统筹,提示,编辑,策划,详情,董晓",2025-02-14 15:36:58,芮静,中国互联网联合辟谣平台,"['真相', '屈绍辉', '李洪', '误区', '统筹', '提示', '编辑', '策划', '详情', '董晓']"
2025年2月13日谣言：真相：误区：真相：提示：详情：统筹：屈绍辉 策划：李洪雷 董晓 编辑：吴炎 设计：肖丽丽 尹路。,"真相,屈绍辉,李洪,误区,统筹,提示,编辑,策划,详情,董晓",2025-02-13 19:19:15,董晋,中国互联网联合辟谣平台,"['真相', '屈绍辉', '李洪', '误区', '统筹', '提示', '编辑', '策划', '详情', '董晓']"
,"真相,屈绍辉,李洪,误区,统筹,提示,编辑,策划,详情,董晓",2025-02-12 16:06:03,李亚琼,中国互联网联合辟谣平台,"['真相', '屈绍辉', '李洪', '误区', '统筹', '提示', '编辑', '策划', '详情', '董晓']"
,,2025-02-11 17:33:29,周文婧,中国互联网联合辟谣平台,['']
,"真相,谣言,详情,屈绍辉,李洪,统筹,编辑,策划,董晓,科普",2025-02-10 17:19:39,吴炎,中国互联网联合辟谣平台,"['真相', '谣言', '详情', '屈绍辉', '李洪', '统筹', '编辑', '策划', '董晓', '科普']"
,"真相,屈绍辉,李洪,误区,统筹,提示,编辑,策划,详情,董晓",2025-02-08 17:47:17,闫丹丹,中国互联网联合辟谣平台,"['真相', '屈绍辉', '李洪', '误区', '统筹', '提示', '编辑', '策划', '详情', '董晓']"
详情：提示：山东临沂公布2024年网络辟谣十大典型案例详情：统筹：屈绍辉 策划：李洪雷 董晓 编辑：霍晶莹 设计：肖丽丽 尹路。,"详情,辟谣,屈绍辉,提示,发生,策划,晶莹,科普,库车,烟花",2025-02-07 18:32:18,闫丹丹,中国互联网联合辟谣平台,"['详情', '辟谣', '屈绍辉', '提示', '发生', '策划', '晶莹', '科普', '库车', '烟花']"
,,2025-02-06 16:00:09,霍晶莹,中国互联网联合辟谣平台,['']
,,2025-02-05 16:00:37,霍晶莹,中国互联网联合辟谣平台,['']
2025年1月27日辟谣：详情：谣言：真相：误区：真相：提示：详情：统筹：屈绍辉 策划：李洪雷 董晓 编辑：周文婧 设计：肖丽丽 尹路。,"真相,详情,屈绍辉,李洪,统筹,提示,编辑,策划,误区,董晓",2025-01-27 16:01:10,贾玉韬,中国互联网联合辟谣平台,"['真相', '详情', '屈绍辉', '李洪', '统筹', '提示', '编辑', '策划', '误区', '董晓']"
,"真相,屈绍辉,李洪,误区,统筹,提示,编辑,策划,详情,董晓",2025-01-26 16:23:33,李亚琼,中国互联网联合辟谣平台,"['真相', '屈绍辉', '李洪', '误区', '统筹', '提示', '编辑', '策划', '详情', '董晓']"
春节将至，诈骗分子常以“新年福利”“新年红包”等噱头拉人进群实施“刷单”诈骗。,"诈骗,地震,米饭,受害者,皮山县,网民,红包,即食,来源,防腐剂",2025-01-24 17:35:43,霍晶莹,中国互联网联合辟谣平台,"['诈骗', '地震', '米饭', '受害者', '皮山县', '网民', '红包', '即食', '来源', '防腐剂']"
2025年1月23日谣言：真相：近误区：真相：此提示：详情：近统筹：屈绍辉 策划：李洪雷 董晓 编辑：李亚琼 设计：肖丽丽 尹路。,"真相,屈绍辉,李洪,误区,统筹,提示,编辑,策划,详情,董晓",2025-01-23 16:32:21,闫丹丹,中国互联网联合辟谣平台,"['真相', '屈绍辉', '李洪', '误区', '统筹', '提示', '编辑', '策划', '详情', '董晓']"
,"真相,谣言,详情,屈绍辉,李洪,统筹,编辑,策划,董晓,科普",2025-01-22 13:00:01,吴炎,中国互联网联合辟谣平台,"['真相', '谣言', '详情', '屈绍辉', '李洪', '统筹', '编辑', '策划', '董晓', '科普']"
2025年1月21日谣言：真相：科普：详情：通报：详情：统筹：屈绍辉 策划：李洪雷 董晓 编辑：霍晶莹 设计：肖丽丽 尹路。,"详情,屈绍辉,李洪,统筹,谣言,编辑,策划,董晓,晶莹,科普",2025-01-21 17:11:12,董晋,中国互联网联合辟谣平台,"['详情', '屈绍辉', '李洪', '统筹', '谣言', '编辑', '策划', '董晓', '晶莹', '科普']"
,,2025-01-20 17:47:31,周文婧,中国互联网联合辟谣平台,['']
2025年1月17日谣言：真相：近误区：真相：此提示：详情：近统筹：屈绍辉 策划：李洪雷 董晓 编辑：周文婧 设计：肖丽丽 尹路。,"真相,屈绍辉,李洪,误区,统筹,提示,编辑,策划,详情,董晓",2025-01-17 16:58:25,芮静,中国互联网联合辟谣平台,"['真相', '屈绍辉', '李洪', '误区', '统筹', '提示', '编辑', '策划', '详情', '董晓']"
2025年1月16日谣言：真相：科普：冬季冻肉解冻注意这些风险和误区详情：通报：河南公布4起典型谣言案例详情：统筹：屈绍辉 策划：李洪雷 董晓 编辑：李亚琼 设计：肖丽丽 尹路。,"谣言,详情,屈绍辉,李洪,冬季,统筹,丽丽,误区,公布,科普",2025-01-16 17:13:03,贾玉韬,中国互联网联合辟谣平台,"['谣言', '详情', '屈绍辉', '李洪', '冬季', '统筹', '丽丽', '误区', '公布', '科普']"
,"真相,屈绍辉,李洪,误区,统筹,提示,编辑,策划,详情,董晓",2025-01-15 16:04:45,李亚琼,中国互联网联合辟谣平台,"['真相', '屈绍辉', '李洪', '误区', '统筹', '提示', '编辑', '策划', '详情', '董晓']"
,,2025-01-14 15:53:02,周文婧,中国互联网联合辟谣平台,['']
2025年1月13日辟谣：详情：谣言：真相：科普：详情：通报：详情：统筹：屈绍辉 策划：李洪雷 董晓 编辑：董晋 设计：肖丽丽 尹路。,"详情,屈绍辉,李洪,统筹,真相,谣言,编辑,策划,董晓,科普",2025-01-13 17:46:24,董晋,中国互联网联合辟谣平台,"['详情', '屈绍辉', '李洪', '统筹', '真相', '谣言', '编辑', '策划', '董晓', '科普']"
,,2025-01-10 17:22:52,闫丹丹,中国互联网联合辟谣平台,['']
,"真相,谣言,屈绍辉,晶莹,误区",2025-01-09 14:48:50,吴炎,中国互联网联合辟谣平台,"['真相', '谣言', '屈绍辉', '晶莹', '误区']"
,,2025-01-08 16:27:41,霍晶莹,中国互联网联合辟谣平台,['']
,,2025-01-07 17:35:52,霍晶莹,中国互联网联合辟谣平台,['']
2025年1月6日辟谣：详情：谣言：真相：科普：泡脚有好处，但不适于这四类人详情：关注：网信部门严厉打击整治网络水军问题详情：　统筹：屈绍辉 策划：李洪雷 董晓 编辑：周文婧 设计：肖丽丽 尹路。,"详情,严厉打击,屈绍辉,好处,水军",2025-01-06 17:49:27,贾玉韬,中国互联网联合辟谣平台,"['详情', '严厉打击', '屈绍辉', '好处', '水军']"
,"真相,屈绍辉,策划,详情,李洪",2025-01-03 15:47:57,李亚琼,中国互联网联合辟谣平台,"['真相', '屈绍辉', '策划', '详情', '李洪']"
,,2025-01-02 17:17:27,周文婧,中国互联网联合辟谣平台,['']
2024年12月31日谣言：真相：近误区：真相：此提示：详情：近统筹：屈绍辉 策划：李洪雷 董晓 编辑：李亚琼 设计：肖丽丽 尹路。,"真相,屈绍辉,李亚,详情,李洪",2024-12-31 16:33:23,闫丹丹,中国互联网联合辟谣平台,"['真相', '屈绍辉', '李亚', '详情', '李洪']"
,"真相,屈绍辉,误区,详情,统筹",2024-12-30 15:58:31,吴炎,中国互联网联合辟谣平台,"['真相', '屈绍辉', '误区', '详情', '统筹']"
,,2024-12-27 16:08:16,霍晶莹,中国互联网联合辟谣平台,['']
,,2024-12-26 17:03:16,霍晶莹,中国互联网联合辟谣平台,['']
2024年12月25日谣言：真相：近误区：真相：此提示：详情：近统筹：屈绍辉 策划：李洪雷 董晓 编辑：吴炎 设计：肖丽丽 尹路。,"真相,屈绍辉,策划,详情,李洪",2024-12-25 16:50:14,芮静,中国互联网联合辟谣平台,"['真相', '屈绍辉', '策划', '详情', '李洪']"
2024年12月24日谣言：真相：谣言：真相：误区：真相：提示：详情：统筹：屈绍辉 策划：李洪雷 董晓 编辑：周文婧 设计：肖丽丽 尹路。,"真相,谣言,屈绍辉,策划,李洪",2024-12-24 17:02:33,贾玉韬,中国互联网联合辟谣平台,"['真相', '谣言', '屈绍辉', '策划', '李洪']"
,"真相,屈绍辉,策划,详情,李洪",2024-12-23 16:29:40,李亚琼,中国互联网联合辟谣平台,"['真相', '屈绍辉', '策划', '详情', '李洪']"
,,2024-12-20 16:30:27,周文婧,中国互联网联合辟谣平台,['']
,"真相,屈绍辉,策划,详情,李洪",2024-12-19 16:47:56,闫丹丹,中国互联网联合辟谣平台,"['真相', '屈绍辉', '策划', '详情', '李洪']"
,"真相,谣言,屈绍辉,误区,统筹",2024-12-18 16:55:20,吴炎,中国互联网联合辟谣平台,"['真相', '谣言', '屈绍辉', '误区', '统筹']"
2024年12月17日谣言：新疆特克斯县要停暖三天。,"真相,屈绍辉,特克斯县,误区,尹路",2024-12-17 16:48:35,董晋,中国互联网联合辟谣平台,"['真相', '屈绍辉', '特克斯县', '误区', '尹路']"
,,2024-12-16 16:28:22,霍晶莹,中国互联网联合辟谣平台,['']
2024年12月13日谣言：真相：近误区：真相：此提示：详情：近统筹：屈绍辉 策划：李洪雷 董晓 编辑：吴炎 设计：肖丽丽 尹路。,"真相,屈绍辉,策划,详情,李洪",2024-12-13 16:21:17,芮静,中国互联网联合辟谣平台,"['真相', '屈绍辉', '策划', '详情', '李洪']"
真相：误区：突发心梗，用力拍打胸口可疏通血栓。,"真相,屈绍辉,诈骗,详情,抢票",2024-12-12 16:45:32,贾玉韬,中国互联网联合辟谣平台,"['真相', '屈绍辉', '诈骗', '详情', '抢票']"
,"真相,屈绍辉,策划,详情,统筹",2024-12-11 16:36:47,吴炎,中国互联网联合辟谣平台,"['真相', '屈绍辉', '策划', '详情', '统筹']"
,,2024-12-10 16:10:47,周文婧,中国互联网联合辟谣平台,['']
2024年12月9日谣言：真相：近误区：真相：此提示：详情：近统筹：屈绍辉 策划：李洪雷 董晓 编辑：李亚琼 设计：肖丽丽 尹路。,"真相,屈绍辉,李亚,详情,李洪",2024-12-09 17:07:41,闫丹丹,中国互联网联合辟谣平台,"['真相', '屈绍辉', '李亚', '详情', '李洪']"
,"真相,屈绍辉,策划,详情,李洪",2024-12-06 18:03:06,李亚琼,中国互联网联合辟谣平台,"['真相', '屈绍辉', '策划', '详情', '李洪']"
这些人员易被境外间谍情报机关“众包邀约”详情：近年来，国家安全机关工作发现，境外间谍情报机关利用众包模式对我开展窃密活动，手法尤为隐蔽，需引起警惕。,"情报,人员,信息,机关,间谍",2024-12-05 18:12:47,董晋,中国互联网联合辟谣平台,"['情报', '人员', '信息', '机关', '间谍']"
,,2024-12-04 17:12:56,霍晶莹,中国互联网联合辟谣平台,['']
2024年12月3日谣言：真相：近误区：真相：此提示：详情：近统筹：屈绍辉 策划：李洪雷 董晓 编辑：吴炎 设计：肖丽丽 尹路。,"真相,屈绍辉,策划,详情,李洪",2024-12-03 15:35:46,芮静,中国互联网联合辟谣平台,"['真相', '屈绍辉', '策划', '详情', '李洪']"
2024年12月2日谣言：加购武汉马拉松文创礼盒可提高中签率。,"通报,谣言,详情,真相,说清楚",2024-12-02 17:02:43,贾玉韬,中国互联网联合辟谣平台,"['通报', '谣言', '详情', '真相', '说清楚']"
2024年11月29日谣言：详情：科普：真相：通报：编造“重庆南岸火灾致多人死亡”谣言，多名网民被行政处罚。,"谣言,详情,行政处罚,致多人,屈绍辉",2024-11-29 18:13:47,董晋,中国互联网联合辟谣平台,"['谣言', '详情', '行政处罚', '致多人', '屈绍辉']"
,,2024-11-28 16:30:16,周文婧,中国互联网联合辟谣平台,['']
2024年11月27日谣言：真相：近误区：真相：此提示：详情：近统筹：屈绍辉 策划：李洪雷 董晓 编辑：芮静 设计：肖丽丽 尹路。,"真相,屈绍辉,策划,详情,李洪",2024-11-27 17:06:23,闫丹丹,中国互联网联合辟谣平台,"['真相', '屈绍辉', '策划', '详情', '李洪']"
,"详情,屈绍辉,通知,策划,开展",2024-11-26 18:15:04,吴炎,中国互联网联合辟谣平台,"['详情', '屈绍辉', '通知', '策划', '开展']"
,"真相,屈绍辉,晶莹,策划,李洪",2024-11-25 17:13:33,李亚琼,中国互联网联合辟谣平台,"['真相', '屈绍辉', '晶莹', '策划', '李洪']"
,,2024-11-22 17:01:58,霍晶莹,中国互联网联合辟谣平台,['']
2024年11月21日谣言：真相：近误区：真相：此提示：详情：近统筹：屈绍辉 策划：李洪雷 董晓 编辑：吴炎 设计：肖丽丽 尹路。,"真相,屈绍辉,策划,详情,李洪",2024-11-21 15:19:22,芮静,中国互联网联合辟谣平台,"['真相', '屈绍辉', '策划', '详情', '李洪']"
2024年11月20日辟谣：详情：误区：真相：提示：详情：统筹：屈绍辉 策划：李洪雷 董晓 编辑：芮静 设计：肖丽丽 尹路。,"详情,屈绍辉,提示,策划,李洪",2024-11-20 17:37:46,贾玉韬,中国互联网联合辟谣平台,"['详情', '屈绍辉', '提示', '策划', '李洪']"
,,2024-11-19 16:30:23,李亚琼,中国互联网联合辟谣平台,['']
2024年11月18日谣言：真相：近误区：真相：此提示：详情：近统筹：屈绍辉 策划：李洪雷 董晓 编辑：贾玉韬 设计：肖丽丽 尹路。,"真相,屈绍辉,误区,详情,统筹",2024-11-18 15:29:41,芮静,中国互联网联合辟谣平台,"['真相', '屈绍辉', '误区', '详情', '统筹']"
,,2024-11-15 16:23:47,闫丹丹,中国互联网联合辟谣平台,['']
,"详情,屈绍辉,策划,科普,统筹",2024-11-14 19:21:51,吴炎,中国互联网联合辟谣平台,"['详情', '屈绍辉', '策划', '科普', '统筹']"
2024年11月13日谣言：一站式代评职称、免试包过。,"真相,一站式,屈绍辉,详情,晶莹",2024-11-13 17:18:14,董晋,中国互联网联合辟谣平台,"['真相', '一站式', '屈绍辉', '详情', '晶莹']"
,,2024-11-12 17:10:29,霍晶莹,中国互联网联合辟谣平台,['']
,,2024-11-11 17:22:35,周文婧,中国互联网联合辟谣平台,['']
2024年11月8日辟谣：成都市卫生健康委郑重声明详情：误区：今日立冬，御寒保暖别做错。,"详情,成都市,屈绍辉,做错,郑重",2024-11-08 17:14:38,贾玉韬,中国互联网联合辟谣平台,"['详情', '成都市', '屈绍辉', '做错', '郑重']"
2024年11月7日谣言：真相：近误区：真相：此提示：详情：近统筹：屈绍辉 策划：李洪雷 董晓 编辑：闫丹丹 设计：肖丽丽 尹路。,"真相,屈绍辉,策划,详情,李洪",2024-11-07 18:45:57,李亚琼,中国互联网联合辟谣平台,"['真相', '屈绍辉', '策划', '详情', '李洪']"
,,2024-11-06 18:10:26,周文婧,中国互联网联合辟谣平台,['']
2024年11月5日谣言：真相：近误区：真相：此提示：详情：近统筹：屈绍辉 策划：李洪雷 董晓 编辑：李亚琼 设计：肖丽丽 尹路。,"真相,屈绍辉,李亚,详情,李洪",2024-11-05 18:08:25,闫丹丹,中国互联网联合辟谣平台,"['真相', '屈绍辉', '李亚', '详情', '李洪']"
,"真相,谣言,屈绍辉,误区,统筹",2024-11-04 17:23:31,吴炎,中国互联网联合辟谣平台,"['真相', '谣言', '屈绍辉', '误区', '统筹']"
2024年11月1日辟谣：详情：误区：真相：提示：详情：统筹：屈绍辉 策划：李洪雷 董晓 编辑：霍晶莹 设计：肖丽丽 尹路。,"详情,屈绍辉,提示,晶莹,李洪",2024-11-01 18:18:29,霍晶莹,中国互联网联合辟谣平台,"['详情', '屈绍辉', '提示', '晶莹', '李洪']"
,,2024-10-31 17:04:38,董晋,中国互联网联合辟谣平台,['']
2024年10月30日谣言：真相：近误区：真相：此提示：详情：近统筹：屈绍辉 策划：李洪雷 董晓 编辑：吴炎 设计：肖丽丽 尹路。,"真相,屈绍辉,策划,详情,李洪",2024-10-30 15:49:24,芮静,中国互联网联合辟谣平台,"['真相', '屈绍辉', '策划', '详情', '李洪']"
详情：提示：有民族资产需要解冻。,"详情,屈绍辉,提示,策划,科普",2024-10-29 17:12:20,贾玉韬,中国互联网联合辟谣平台,"['详情', '屈绍辉', '提示', '策划', '科普']"
,"真相,屈绍辉,策划,详情,李洪",2024-10-28 17:29:38,李亚琼,中国互联网联合辟谣平台,"['真相', '屈绍辉', '策划', '详情', '李洪']"
,,2024-10-25 17:07:46,周文婧,中国互联网联合辟谣平台,['']
2024年10月14日谣言：真相：近误区：真相：此提示：详情：近统筹：屈绍辉 策划：李洪雷 董晓 编辑：董晋 设计：肖丽丽 尹路。,"真相,屈绍辉,策划,详情,李洪",2024-10-24 16:50:39,闫丹丹,中国互联网联合辟谣,"['真相', '屈绍辉', '策划', '详情', '李洪']"
,"详情,真相,屈绍辉,误区,统筹",2024-10-23 18:11:03,吴炎,中国互联网联合辟谣平台,"['详情', '真相', '屈绍辉', '误区', '统筹']"
2024年10月22日谣言：真相：误区：真相：提示：详情：统筹：屈绍辉 策划：李洪雷 董晓 编辑：霍晶莹 设计：肖丽丽 尹路。,"真相,屈绍辉,晶莹,策划,李洪",2024-10-22 17:59:56,霍晶莹,中国互联网联合辟谣平台,"['真相', '屈绍辉', '晶莹', '策划', '李洪']"
,,2024-10-21 18:04:21,霍晶莹,中国互联网联合辟谣平台,['']
2024年10月18日谣言：真相：近误区：真相：此提示：详情：近统筹：屈绍辉 策划：李洪雷 董晓 编辑：吴炎 设计：肖丽丽 尹路。,"真相,屈绍辉,策划,详情,李洪",2024-10-18 16:56:13,芮静,中国互联网联合辟谣平台,"['真相', '屈绍辉', '策划', '详情', '李洪']"
2024年10月17日辟谣：湖南省长沙市市场监管局、教育局严正声明详情：误区：口服维生素C可以给皮肤美白。,"详情,教育局,屈绍辉,湖南省长沙市,监管局",2024-10-17 17:59:52,贾玉韬,中国互联网联合辟谣平台,"['详情', '教育局', '屈绍辉', '湖南省长沙市', '监管局']"
,"真相,屈绍辉,策划,详情,李洪",2024-10-16 16:42:48,李亚琼,中国互联网联合辟谣平台,"['真相', '屈绍辉', '策划', '详情', '李洪']"
,,2024-10-15 17:11:29,周文婧,中国互联网联合辟谣平台,['']
2024年10月14日谣言：真相：近误区：真相：此提示：详情：近统筹：屈绍辉 策划：李洪雷 董晓 编辑：吴炎 设计：肖丽丽 尹路。,"真相,屈绍辉,策划,详情,李洪",2024-10-14 16:44:15,闫丹丹,中国互联网联合辟谣平台,"['真相', '屈绍辉', '策划', '详情', '李洪']"
2024年10月11日谣言：真相：误区：真相：通报：详情：统筹：屈绍辉 策划：李洪雷 董晓 编辑：霍晶莹 设计：肖丽丽 尹路。,"真相,屈绍辉,晶莹,策划,李洪",2024-10-11 17:46:52,董晋,中国互联网联合辟谣平台,"['真相', '屈绍辉', '晶莹', '策划', '李洪']"
,,2024-10-10 17:44:37,董晋,中国互联网联合辟谣平台,['']
2024年10月9日谣言：真相：近误区：真相：此提示：详情：近统筹：屈绍辉 策划：李洪雷 董晓 编辑：吴炎 设计：肖丽丽 尹路。,"真相,屈绍辉,策划,详情,李洪",2024-10-09 16:39:20,芮静,中国互联网联合辟谣平台,"['真相', '屈绍辉', '策划', '详情', '李洪']"
真相：误区：鸡蛋过敏的人不能接种流感疫苗。,"提示,真相,国庆假期,检察院,屈绍辉",2024-10-08 17:46:29,贾玉韬,中国互联网联合辟谣平台,"['提示', '真相', '国庆假期', '检察院', '屈绍辉']"
,,2024-09-30 16:49:26,吴炎,中国互联网联合辟谣平台,['']
,,2024-09-29 16:55:21,周文婧,中国互联网联合辟谣平台,['']
2024年9月27日谣言：真相：近误区：真相：此提示：详情：近监制：屈绍辉 编辑：李亚琼 设计：肖丽丽 尹路。,"真相,屈绍辉,提示,李亚,详情",2024-09-27 16:32:09,闫丹丹,中国互联网联合辟谣平台,"['真相', '屈绍辉', '提示', '李亚', '详情']"
,"真相,屈绍辉,提示,详情,误区",2024-09-26 16:31:40,吴炎,中国互联网联合辟谣平台,"['真相', '屈绍辉', '提示', '详情', '误区']"
2024年9月25日谣言：真相：科普：详情：提示：详情：监制：屈绍辉 编辑：霍晶莹 设计：肖丽丽 尹路。,"详情,屈绍辉,提示,晶莹,科普",2024-09-25 18:31:27,董晋,中国互联网联合辟谣平台,"['详情', '屈绍辉', '提示', '晶莹', '科普']"
,,2024-09-24 15:36:58,霍晶莹,中国互联网联合辟谣平台,['']
2024年9月23日谣言：真相：近误区：真相：此提示：详情：近监制：屈绍辉 编辑：吴炎 设计：肖丽丽 尹路。,"真相,屈绍辉,提示,详情,误区",2024-09-23 15:30:03,芮静,中国互联网联合辟谣平台,"['真相', '屈绍辉', '提示', '详情', '误区']"
2024年9月20日谣言：上海有人因台风被吹落高坠。,"详情,室内外,屈绍辉,科普,国家",2024-09-20 16:43:56,贾玉韬,中国互联网联合辟谣平台,"['详情', '室内外', '屈绍辉', '科普', '国家']"
2024年9月19日谣言：真相：近误区：真相：此提示：详情：近监制：屈绍辉 编辑：霍晶莹 设计：肖丽丽 尹路。,"真相,屈绍辉,提示,晶莹,详情",2024-09-19 17:07:15,李亚琼,中国互联网联合辟谣平台,"['真相', '屈绍辉', '提示', '晶莹', '详情']"
,,2024-09-18 15:42:07,周文婧,中国互联网联合辟谣平台,['']
2024年9月14日谣言：真相：近误区：真相：此提示：详情：近监制：屈绍辉 编辑：吴炎 设计：肖丽丽 尹路。,"真相,屈绍辉,提示,详情,误区",2024-09-14 16:04:34,闫丹丹,中国互联网联合辟谣平台,"['真相', '屈绍辉', '提示', '详情', '误区']"
,"真相,屈绍辉,提示,设计,误区",2024-09-13 17:04:41,李亚琼,中国互联网联合辟谣平台,"['真相', '屈绍辉', '提示', '设计', '误区']"
,"真相,屈绍辉,提示,详情,误区",2024-09-12 17:34:31,吴炎,中国互联网联合辟谣平台,"['真相', '屈绍辉', '提示', '详情', '误区']"
2024年9月11日谣言：真相：误区：真相：提示：详情：监制：屈绍辉 编辑：董晋 设计：肖丽丽 尹路。,"真相,屈绍辉,提示,详情,误区",2024-09-11 17:31:12,董晋,中国互联网联合辟谣平台,"['真相', '屈绍辉', '提示', '详情', '误区']"
真相：误区：乳牙早晚要换成恒牙，所以不用治。,"真相,屈绍辉,监制,北京,详情",2024-09-10 16:04:46,贾玉韬,中国互联网联合辟谣平台,"['真相', '屈绍辉', '监制', '北京', '详情']"
真相：提示：2024年8月全国受理网络违法和不良信息举报1983.3万件详情：监制：屈绍辉 编辑：闫丹丹 设计：肖丽丽 尹路。,"详情,真相,睡不着,强买强卖,屈绍辉",2024-09-09 17:26:07,贾玉韬,中国互联网联合辟谣平台,"['详情', '真相', '睡不着', '强买强卖', '屈绍辉']"
2024年9月6日谣言：真相：近误区：真相：此提示：详情：近监制：屈绍辉 编辑：闫丹丹 设计：肖丽丽 尹路。,"真相,屈绍辉,提示,详情,误区",2024-09-06 16:37:48,李亚琼,中国互联网联合辟谣平台,"['真相', '屈绍辉', '提示', '详情', '误区']"
,,2024-09-05 17:37:15,周文婧,中国互联网联合辟谣平台,['']
2024年5月6日谣言：真相：近误区：真相：此提示：详情：近监制：屈绍辉 编辑：闫丹丹 设计：肖丽丽 尹路。,"真相,屈绍辉,提示,设计,误区",2024-09-04 16:23:24,李亚琼,中国互联网联合辟谣平台,"['真相', '屈绍辉', '提示', '设计', '误区']"
2024年9月3日辟谣：无详情：近误区：面真相：面提示：开详情：随监制：屈绍辉 编辑：霍晶莹 设计：肖丽丽 尹路。,"详情,屈绍辉,提示,晶莹,误区",2024-09-03 16:03:15,董晋,中国互联网联合辟谣平台,"['详情', '屈绍辉', '提示', '晶莹', '误区']"
,,2024-09-02 18:31:58,霍晶莹,中国互联网联合辟谣平台,['']
2024年8月30日谣言：真相：误区：真相：提示：详情：监制：屈绍辉 编辑：董晋 设计：肖丽丽 尹路。,"真相,屈绍辉,提示,详情,误区",2024-08-30 17:03:36,董晋,中国互联网联合辟谣平台,"['真相', '屈绍辉', '提示', '详情', '误区']"
2024年8月29日谣言：真相：近误区：真相：此提示：详情：近监制：屈绍辉 编辑：吴炎 设计：肖丽丽 尹路。,"真相,屈绍辉,提示,详情,误区",2024-08-29 16:29:00,芮静,中国互联网联合辟谣平台,"['真相', '屈绍辉', '提示', '详情', '误区']"
,"谣言,详情,真相,屈绍辉,地下室",2024-08-28 17:57:48,贾玉韬,中国互联网联合辟谣平台,"['谣言', '详情', '真相', '屈绍辉', '地下室']"
2024年8月27日谣言：真相：近误区：真相：此提示：详情：近监制：屈绍辉 编辑：李亚琼 设计：肖丽丽 尹路。,"真相,屈绍辉,提示,李亚,详情",2024-08-27 16:45:20,闫丹丹,中国互联网联合辟谣平台,"['真相', '屈绍辉', '提示', '李亚', '详情']"
,,2024-08-26 17:32:04,周文婧,中国互联网联合辟谣平台,['']
2024年8月23日谣言：真相：近误区：真相：此提示：详情：近监制：屈绍辉 编辑：闫丹丹 设计：肖丽丽 尹路。,"真相,屈绍辉,提示,详情,误区",2024-08-23 16:08:23,闫丹丹,中国互联网联合辟谣平台,"['真相', '屈绍辉', '提示', '详情', '误区']"
,"真相,屈绍辉,提示,详情,误区",2024-08-22 17:04:47,吴炎,中国互联网联合辟谣平台,"['真相', '屈绍辉', '提示', '详情', '误区']"
2024年8月21日谣言：青岛崂山水库污染严重，鱼类漂浮成灾。,"真相,屈绍辉,晶莹,漂浮,详情",2024-08-21 17:03:59,董晋,中国互联网联合辟谣平台,"['真相', '屈绍辉', '晶莹', '漂浮', '详情']"
,,2024-08-20 17:35:19,董晋,中国互联网联合辟谣平台,['']
2024年8月19日谣言：真相：近误区：真相：此提示：详情：近监制：屈绍辉 编辑：吴炎 设计：肖丽丽 尹路。,"真相,屈绍辉,提示,详情,误区",2024-08-19 16:16:49,芮静,中国互联网联合辟谣平台,"['真相', '屈绍辉', '提示', '详情', '误区']"
2024年8月16日谣言：真相：误区：真相：通报：详情：监制：屈绍辉 编辑：周文婧 设计：肖丽丽 尹路。,"真相,屈绍辉,监制,详情,误区",2024-08-16 16:11:28,董晋,中国互联网联合辟谣平台,"['真相', '屈绍辉', '监制', '详情', '误区']"
2024年8月15日谣言：真相：近误区：真相：此提示：详情：近监制：屈绍辉 编辑：芮静 设计：肖丽丽 尹路。,"真相,屈绍辉,提示,详情,误区",2024-08-15 16:56:22,李亚琼,中国互联网联合辟谣平台,"['真相', '屈绍辉', '提示', '详情', '误区']"
,,2024-08-14 17:58:48,周文婧,中国互联网联合辟谣平台,['']
2024年8月13日谣言：真相：近误区：真相：此提示：详情：近监制：屈绍辉 编辑：李亚琼 设计：肖丽丽 尹路。,"真相,屈绍辉,提示,李亚,详情",2024-08-13 17:14:22,闫丹丹,中国互联网联合辟谣平台,"['真相', '屈绍辉', '提示', '李亚', '详情']"
,,2024-08-12 17:06:44,吴炎,中国互联网联合辟谣平台,['']
2024年8月9日谣言：四川雅安芦山县发生山洪灾害致三十多人失联。,"详情,屈绍辉,三十多,四川雅安,芦山县",2024-08-09 15:51:44,贾玉韬,中国互联网联合辟谣平台,"['详情', '屈绍辉', '三十多', '四川雅安', '芦山县']"
,,2024-08-08 16:15:21,周文婧,中国互联网联合辟谣平台,['']
2024年8月7日谣言：真相：近误区：真相：此提示：详情：近监制：屈绍辉 编辑：李亚琼 设计：肖丽丽 尹路。,"真相,屈绍辉,提示,李亚,详情",2024-08-07 15:16:29,芮静,中国互联网联合辟谣平台,"['真相', '屈绍辉', '提示', '李亚', '详情']"
2024年8月6日谣言：真相：误区：真相：提示：多雨季节，当心霉菌引发过敏反应详情：监制：屈绍辉 编辑：霍晶莹 设计：肖丽丽 尹路。,"真相,屈绍辉,当心,晶莹,反应",2024-08-06 16:00:07,贾玉韬,中国互联网联合辟谣平台,"['真相', '屈绍辉', '当心', '晶莹', '反应']"
2024年8月5日谣言：真相：近误区：真相：此提示：详情：近监制：屈绍辉 编辑：闫丹丹 设计：肖丽丽 尹路。,"真相,屈绍辉,提示,详情,误区",2024-08-05 16:25:33,李亚琼,中国互联网联合辟谣平台,"['真相', '屈绍辉', '提示', '详情', '误区']"
,,2024-08-02 16:29:11,霍晶莹,中国互联网联合辟谣平台,['']
2024年8月1日谣言：真相：近误区：真相：此提示：详情：近监制：屈绍辉 编辑：李亚琼 设计：肖丽丽 尹路。,"真相,屈绍辉,提示,李亚,详情",2024-08-01 16:14:38,闫丹丹,中国互联网联合辟谣平台,"['真相', '屈绍辉', '提示', '李亚', '详情']"
,"详情,真相,谣言,屈绍辉,造谣",2024-07-31 17:23:46,吴炎,中国互联网联合辟谣平台,"['详情', '真相', '谣言', '屈绍辉', '造谣']"
2024年7月30日辟谣：详情：辟谣：详情：误区：真相：提示：详情：监制：屈绍辉 编辑：霍晶莹 设计：肖丽丽 尹路。,"详情,辟谣,屈绍辉,提示,晶莹",2024-07-30 16:24:40,董晋,中国互联网联合辟谣平台,"['详情', '辟谣', '屈绍辉', '提示', '晶莹']"
,,2024-07-29 16:21:01,霍晶莹,中国互联网联合辟谣平台,['']
2024年7月26日谣言：真相：近误区：真相：此提示：详情：近监制：屈绍辉 编辑：吴炎 设计：肖丽丽 尹路。,"真相,屈绍辉,提示,详情,误区",2024-07-26 16:22:01,闫丹丹,中国互联网联合辟谣平台,"['真相', '屈绍辉', '提示', '详情', '误区']"
真相：谣言：新疆喀什发生6.3级地震。,"真相,谣言,充电桩,屈绍辉,发生",2024-07-25 17:14:41,贾玉韬,中国互联网联合辟谣平台,"['真相', '谣言', '充电桩', '屈绍辉', '发生']"
,"真相,谣言,详情,屈绍辉,重庆市",2024-07-24 17:50:57,吴炎,中国互联网联合辟谣平台,"['真相', '谣言', '详情', '屈绍辉', '重庆市']"
,,2024-07-23 16:20:01,周文婧,中国互联网联合辟谣平台,['']
2024年7月22日谣言：真相：近误区：真相：此提示：详情：近监制：屈绍辉 编辑：吴炎 设计：肖丽丽 尹路。,"真相,屈绍辉,提示,详情,误区",2024-07-22 16:17:50,闫丹丹,中国互联网联合辟谣平台,"['真相', '屈绍辉', '提示', '详情', '误区']"
2024年7月19日谣言：真相：近误区：真相：此提示：详情：近监制：屈绍辉 编辑：霍晶莹 设计：肖丽丽 尹路。,"真相,屈绍辉,提示,晶莹,详情",2024-07-19 16:02:09,李亚琼,中国互联网联合辟谣平台,"['真相', '屈绍辉', '提示', '晶莹', '详情']"
2024年7月18日辟谣：详情：误区：真相：提示：详情：监制：屈绍辉 编辑：霍晶莹 设计：肖丽丽 尹路。,"详情,屈绍辉,提示,晶莹,误区",2024-07-18 17:17:27,董晋,中国互联网联合辟谣平台,"['详情', '屈绍辉', '提示', '晶莹', '误区']"
,,2024-07-17 17:05:53,霍晶莹,中国互联网联合辟谣平台,['']
2024年7月16日谣言：真相：近误区：真相：此提示：详情：近监制：屈绍辉 编辑：李亚琼 设计：肖丽丽 尹路。,"真相,屈绍辉,提示,李亚,详情",2024-07-16 17:06:37,芮静,中国互联网联合辟谣平台,"['真相', '屈绍辉', '提示', '李亚', '详情']"
真相：提示：2024年6月全国受理网络违法和不良信息举报1992.3万件详情：监制：屈绍辉 编辑：吴炎 设计：肖丽丽 尹路。,"真相,屈绍辉,住房,补贴,广西",2024-07-15 16:52:32,贾玉韬,中国互联网联合辟谣平台,"['真相', '屈绍辉', '住房', '补贴', '广西']"
2024年7月12日谣言：真相：近误区：真相：此提示：详情：近监制：屈绍辉 编辑：闫丹丹 设计：肖丽丽 尹路。,"真相,屈绍辉,提示,详情,误区",2024-07-12 15:34:26,李亚琼,中国互联网联合辟谣平台,"['真相', '屈绍辉', '提示', '详情', '误区']"
,,2024-07-11 16:21:29,周文婧,中国互联网联合辟谣平台,['']
2024年7月10日谣言：真相：近误区：真相：此提示：详情：近监制：屈绍辉 编辑：吴炎 设计：肖丽丽 尹路。,"真相,屈绍辉,提示,详情,误区",2024-07-10 17:10:21,闫丹丹,中国互联网联合辟谣平台,"['真相', '屈绍辉', '提示', '详情', '误区']"
2024年7月9日谣言：河真相：近谣言：广真相：连误区：高真相：很提示：别详情：优监制：屈绍辉 编辑：芮静 设计：肖丽丽 尹路。,"真相,谣言,屈绍辉,详情,提示",2024-07-09 16:14:43,吴炎,中国互联网联合辟谣平台,"['真相', '谣言', '屈绍辉', '详情', '提示']"
2024年7月8日谣言：。,"真相,屈绍辉,提示,详情,误区",2024-07-08 16:30:12,霍晶莹,中国互联网联合辟谣平台,"['真相', '屈绍辉', '提示', '详情', '误区']"
,,2024-07-05 15:46:11,霍晶莹,中国互联网联合辟谣平台,['']
2024年7月4日谣言：真相：近误区：真相：此提示：详情：近监制：屈绍辉 编辑：李亚琼 设计：肖丽丽 尹路。,"真相,屈绍辉,李亚,详情,误区",2024-07-04 16:41:27,芮静,中国互联网联合辟谣平台,"['真相', '屈绍辉', '李亚', '详情', '误区']"
2024年7月3日谣言：真相：误区：真相：提示：详情：监制：屈绍辉 编辑：周文婧 设计：肖丽丽 尹路。,"真相,屈绍辉,提示,详情,误区",2024-07-03 17:50:57,贾玉韬,中国互联网联合辟谣平台,"['真相', '屈绍辉', '提示', '详情', '误区']"
,"真相,屈绍辉,提示,详情,误区",2024-07-02 18:23:02,李亚琼,中国互联网联合辟谣平台,"['真相', '屈绍辉', '提示', '详情', '误区']"
,,2024-07-01 16:16:24,周文婧,中国互联网联合辟谣平台,['']
2024年6月28日谣言：真相：近误区：真相：此提示：详情：近监制：屈绍辉 编辑：李亚琼 设计：肖丽丽 尹路。,"真相,屈绍辉,提示,李亚,详情",2024-06-28 17:09:40,闫丹丹,中国互联网联合辟谣平台,"['真相', '屈绍辉', '提示', '李亚', '详情']"
,"真相,谣言,屈绍辉,详情,提示",2024-06-27 18:19:28,吴炎,中国互联网联合辟谣平台,"['真相', '谣言', '屈绍辉', '详情', '提示']"
2024年6月26日辟谣：网详情：近谣言：长真相：近误区：助真相：有提示：高详情：近监制：屈绍辉 编辑：霍晶莹 设计：肖丽丽 尹路。,"详情,真相,屈绍辉,提示,晶莹",2024-06-26 18:19:11,董晋,中国互联网联合辟谣平台,"['详情', '真相', '屈绍辉', '提示', '晶莹']"
,,2024-06-25 17:21:08,霍晶莹,中国互联网联合辟谣平台,['']
2024年6月24日谣言：真相：近误区：真相：此提示：详情：近监制：屈绍辉 编辑：吴炎 设计：肖丽丽 尹路。,"真相,屈绍辉,提示,详情,误区",2024-06-24 16:44:56,芮静,中国互联网联合辟谣平台,"['真相', '屈绍辉', '提示', '详情', '误区']"
真相：误区：吃黑色的食物可以止脱生发。,"真相,屈绍辉,止脱,返利,详情",2024-06-21 17:04:12,贾玉韬,中国互联网联合辟谣平台,"['真相', '屈绍辉', '止脱', '返利', '详情']"
2023年9月7日谣言：真相：近误区：真相：此提示：详情：近监制：屈绍辉 编辑：闫丹丹 设计：肖丽丽 尹路。,"真相,屈绍辉,提示,详情,误区",2024-06-20 16:35:28,李亚琼,中国互联网联合辟谣平台,"['真相', '屈绍辉', '提示', '详情', '误区']"
,,2024-06-19 16:46:21,周文婧,中国互联网联合辟谣平台,['']
,"真相,谣言,屈绍辉,详情,提示",2024-06-18 18:14:45,吴炎,中国互联网联合辟谣平台,"['真相', '谣言', '屈绍辉', '详情', '提示']"
2024年6月17日谣言：真相：近误区：真相：此提示：详情：近监制：屈绍辉 编辑：闫丹丹 设计：肖丽丽 尹路。,"真相,屈绍辉,提示,详情,误区",2024-06-17 17:45:24,闫丹丹,中国互联网联合辟谣平台,"['真相', '屈绍辉', '提示', '详情', '误区']"
2024年6月14日谣言：真相：近误区：真相：此提示：详情：近监制：屈绍辉 编辑：霍晶莹 设计：肖丽丽 尹路。,"真相,屈绍辉,晶莹,详情,误区",2024-06-14 18:16:09,董晋,中国互联网联合辟谣平台,"['真相', '屈绍辉', '晶莹', '详情', '误区']"
,,2024-06-13 17:13:56,霍晶莹,中国互联网联合辟谣平台,['']
2024年6月12日谣言：真相：近误区：真相：此提示：详情：近监制：屈绍辉 编辑：吴炎 设计：肖丽丽 尹路。,"真相,屈绍辉,提示,详情,误区",2024-06-12 17:50:10,芮静,中国互联网联合辟谣平台,"['真相', '屈绍辉', '提示', '详情', '误区']"
2024年6月11日谣言：真相：误区：真相：提示：详情：监制：屈绍辉 编辑：闫丹丹 设计：肖丽丽 尹路。,"真相,屈绍辉,提示,详情,误区",2024-06-11 15:08:00,贾玉韬,中国互联网联合辟谣平台,"['真相', '屈绍辉', '提示', '详情', '误区']"
2023年9月7日谣言：真相：近误区：真相：此提示：详情：近监制：屈绍辉 编辑：李亚琼 设计：肖丽丽 尹路。,"真相,屈绍辉,提示,李亚,详情",2024-06-07 16:11:32,李亚琼,中国互联网联合辟谣平台,"['真相', '屈绍辉', '提示', '李亚', '详情']"
,,2024-06-06 17:37:47,周文婧,中国互联网联合辟谣平台,['']
2024年6月5日谣言：真相：近误区：真相：此提示：详情：近监制：屈绍辉 编辑：李亚琼 设计：肖丽丽 尹路。,"真相,屈绍辉,提示,李亚,详情",2024-06-05 17:54:15,闫丹丹,中国互联网联合辟谣平台,"['真相', '屈绍辉', '提示', '李亚', '详情']"
,"真相,谣言,屈绍辉,详情,提示",2024-06-04 17:34:24,吴炎,中国互联网联合辟谣平台,"['真相', '谣言', '屈绍辉', '详情', '提示']"
,"详情,屈绍辉,晶莹,不良,科普",2024-06-03 16:50:46,吴炎,中国互联网联合辟谣平台,"['详情', '屈绍辉', '晶莹', '不良', '科普']"
,,2024-05-31 16:19:45,霍晶莹,中国互联网联合辟谣平台,['']
2024年5月30日谣言：真相：近误区：真相：此提示：详情：近监制：屈绍辉 编辑：董晋 设计：肖丽丽 尹路。,"真相,屈绍辉,提示,设计,误区",2024-05-30 18:05:50,芮静,中国互联网联合辟谣平台,"['真相', '屈绍辉', '提示', '设计', '误区']"
2024年5月29日谣言：真相：误区：真相：提示：详情：监制：屈绍辉 编辑：周文婧 设计：肖丽丽 尹路。,"真相,屈绍辉,提示,设计,误区",2024-05-29 17:50:49,贾玉韬,中国互联网联合辟谣平台,"['真相', '屈绍辉', '提示', '设计', '误区']"
2023年9月7日谣言：真相：近误区：真相：此提示：详情：近监制：屈绍辉 编辑：闫丹丹 设计：肖丽丽 尹路。,"真相,屈绍辉,提示,详情,误区",2024-05-28 17:13:00,李亚琼,中国互联网联合辟谣平台,"['真相', '屈绍辉', '提示', '详情', '误区']"
,,2024-05-27 18:15:34,周文婧,中国互联网联合辟谣平台,['']
2024年5月24日谣言：真相：近误区：真相：此提示：详情：近监制：屈绍辉 编辑：闫丹丹 设计：肖丽丽 尹路。,"真相,屈绍辉,提示,设计,误区",2024-05-24 17:12:56,闫丹丹,中国互联网联合辟谣平台,"['真相', '屈绍辉', '提示', '设计', '误区']"
2024年5月23日谣言：旅真相：近误区：近真相：月提示：年详情：年详情：件监制：屈绍辉 编辑：芮静 设计：肖丽丽 尹路。,"详情,真相,屈绍辉,提示,误区",2024-05-23 17:04:24,董晋,中国互联网联合辟谣平台,"['详情', '真相', '屈绍辉', '提示', '误区']"
2024年5月22日谣言：真相：科普：详情：提示：详情：监制：屈绍辉 编辑：霍晶莹 设计：肖丽丽 尹路。,"详情,屈绍辉,提示,晶莹,科普",2024-05-22 17:13:14,董晋,中国互联网联合辟谣平台,"['详情', '屈绍辉', '提示', '晶莹', '科普']"
,,2024-05-21 17:25:14,霍晶莹,中国互联网联合辟谣平台,['']
2024年5月20日谣言：真相：近误区：真相：此提示：详情：近监制：屈绍辉 编辑：吴炎 设计：肖丽丽 尹路。,"真相,屈绍辉,提示,设计,误区",2024-05-20 17:09:29,吴炎,中国互联网联合辟谣平台,"['真相', '屈绍辉', '提示', '设计', '误区']"
真相：误区：幽门螺旋杆菌感染就会得胃癌。,"真相,庞凌河,旅游者,屈绍辉,靖西",2024-05-17 17:05:25,贾玉韬,中国互联网联合辟谣平台,"['真相', '庞凌河', '旅游者', '屈绍辉', '靖西']"
2024年5月16日谣言：广真相：近误区：幽真相：不提示：学详情：不监制：屈绍辉 编辑：闫丹丹 设计：肖丽丽 尹路。,"真相,屈绍辉,提示,设计,误区",2024-05-16 16:59:20,李亚琼,中国互联网联合辟谣平台,"['真相', '屈绍辉', '提示', '设计', '误区']"
,,2024-05-15 17:24:46,周文婧,中国互联网联合辟谣平台,['']
（来源：科学辟谣）提示：红火蚁已入侵12省份。,"红火,肿瘤,营养,入侵,信息",2024-05-14 15:52:40,董晋,中国互联网联合辟谣平台,"['红火', '肿瘤', '营养', '入侵', '信息']"
,,2024-05-13 17:01:48,吴炎,中国互联网联合辟谣平台,['']
2024年5月11日谣言：真相：近误区：真相：此提示：详情：近监制：屈绍辉 编辑：霍晶莹 设计：肖丽丽 尹路。,"真相,屈绍辉,提示,晶莹,设计",2024-05-11 16:21:29,闫丹丹,中国互联网联合辟谣平台,"['真相', '屈绍辉', '提示', '晶莹', '设计']"
,,2024-05-10 17:45:26,霍晶莹,中国互联网联合辟谣平台,['']
2024年5月9日谣言：真相：近误区：真相：此提示：详情：近监制：屈绍辉 编辑：吴炎 设计：肖丽丽 尹路。,"真相,屈绍辉,提示,设计,误区",2024-05-09 17:52:41,芮静,中国互联网联合辟谣平台,"['真相', '屈绍辉', '提示', '设计', '误区']"
真相：误区：每天只需睡2个钟头，其余都是浪费时间。,"真相,博物馆,北京市,屈绍辉,依法",2024-05-08 17:07:06,贾玉韬,中国互联网联合辟谣平台,"['真相', '博物馆', '北京市', '屈绍辉', '依法']"
,,2024-05-07 16:51:15,周文婧,中国互联网联合辟谣平台,['']
2024年5月6日谣言：西真相：近科普：三详情：1986年提示：五详情：五监制：屈绍辉 编辑：闫丹丹 设计：肖丽丽 尹路。,"详情,屈绍辉,提示,科普,监制",2024-05-06 17:29:27,李亚琼,中国互联网联合辟谣平台,"['详情', '屈绍辉', '提示', '科普', '监制']"
2024年4月30日谣言：真相：近误区：真相：此提示：详情：近监制：屈绍辉 编辑：闫丹丹 设计：肖丽丽 尹路。,"真相,屈绍辉,提示,详情,误区",2024-04-30 17:08:18,闫丹丹,中国互联网联合辟谣平台,"['真相', '屈绍辉', '提示', '详情', '误区']"
,"真相,屈绍辉,提示,详情,误区",2024-04-29 16:08:50,吴炎,中国互联网联合辟谣平台,"['真相', '屈绍辉', '提示', '详情', '误区']"
2024年4月26日谣言：详情：误区：真相：提示：详情：监制：屈绍辉 编辑：霍晶莹 设计：肖丽丽 尹路。,"详情,屈绍辉,提示,晶莹,误区",2024-04-28 16:32:04,董晋,中国互联网联合辟谣平台,"['详情', '屈绍辉', '提示', '晶莹', '误区']"
,,2024-04-26 16:50:48,霍晶莹,中国互联网联合辟谣平台,['']
2024年4月25日谣言：真相：近误区：真相：此提示：详情：近监制：屈绍辉 编辑：吴炎 设计：肖丽丽 尹路。,"真相,屈绍辉,提示,详情,误区",2024-04-25 19:36:08,芮静,中国互联网联合辟谣平台,"['真相', '屈绍辉', '提示', '详情', '误区']"
真相：误区：煤气罐起火，直接关阀门会爆炸。,"真相,煤气罐,屈绍辉,名电诈,犯罪",2024-04-24 16:51:35,贾玉韬,中国互联网联合辟谣平台,"['真相', '煤气罐', '屈绍辉', '名电诈', '犯罪']"
2024年4月23日谣言：网真相：近谣言：网真相：近科普：三真相：2提示：民详情：近监制：屈绍辉 编辑：闫丹丹 设计：肖丽丽 尹路。,"谣言,真相,屈绍辉,科普,三真",2024-04-23 16:57:13,李亚琼,中国互联网联合辟谣平台,"['谣言', '真相', '屈绍辉', '科普', '三真']"
,,2024-04-22 17:24:07,周文婧,中国互联网联合辟谣平台,['']
2024年4月19日谣言：真相：近误区：真相：此提示：详情：近监制：屈绍辉 编辑：李亚琼 设计：肖丽丽 尹路。,"真相,屈绍辉,提示,李亚,详情",2024-04-19 17:17:22,闫丹丹,中国互联网联合辟谣平台,"['真相', '屈绍辉', '提示', '李亚', '详情']"
,"详情,屈绍辉,提示,科普,监制",2024-04-18 17:10:15,吴炎,中国互联网联合辟谣平台,"['详情', '屈绍辉', '提示', '科普', '监制']"
,,2024-04-17 17:47:40,董晋,中国互联网联合辟谣平台,['']
2024年4月16日谣言：真相：误区：真相：提示：详情：监制：屈绍辉 编辑：霍晶莹 设计：肖丽丽 尹路。,"真相,屈绍辉,提示,详情,误区",2024-04-16 16:59:23,董晋,中国互联网联合辟谣平台,"['真相', '屈绍辉', '提示', '详情', '误区']"
2024年4月15日谣言：真相：近误区：真相：此提示：详情：近监制：屈绍辉 编辑：吴炎 设计：肖丽丽 尹路。,"真相,屈绍辉,提示,详情,误区",2024-04-15 17:11:50,芮静,中国互联网联合辟谣平台,"['真相', '屈绍辉', '提示', '详情', '误区']"
真相：关注：2024年3月全国受理网络违法和不良信息举报1853.2万件详情：监制：屈绍辉 编辑：闫丹丹 设计：肖丽丽 尹路。,"蚕豆,真相,屈绍辉,香格里拉,迪庆",2024-04-12 15:52:36,贾玉韬,中国互联网联合辟谣平台,"['蚕豆', '真相', '屈绍辉', '香格里拉', '迪庆']"
2024年4月11日谣言：真相：近误区：真相：此提示：详情：近监制：屈绍辉 编辑：闫丹丹 设计：肖丽丽 尹路。,"真相,屈绍辉,提示,详情,误区",2024-04-11 16:50:42,闫丹丹,中国互联网联合辟谣平台,"['真相', '屈绍辉', '提示', '详情', '误区']"
,"详情,真相,屈绍辉,提示,误区",2024-04-10 17:32:01,周文婧,中国互联网联合辟谣平台,"['详情', '真相', '屈绍辉', '提示', '误区']"
,"详情,真相,屈绍辉,提示,误区",2024-04-09 17:28:55,吴炎,中国互联网联合辟谣平台,"['详情', '真相', '屈绍辉', '提示', '误区']"
（来源：“科学辟谣”微信公众号）通报：上海市网信办处置一批传谣自媒体详情：日前，上海辟谣平台针对“临港的西门子将卖给一家国企，西门子将彻底撤离中国”的谣言进行了澄清。,"辟谣,百日咳,公众,咳嗽,阿雷西博",2024-04-08 16:59:27,董晋,中国互联网联合辟谣平台,"['辟谣', '百日咳', '公众', '咳嗽', '阿雷西博']"
,,2024-04-07 17:36:33,霍晶莹,中国互联网联合辟谣平台,['']
2024年4月3日谣言：真相：近误区：真相：此提示：详情：近监制：屈绍辉 编辑：闫丹丹 设计：肖丽丽 尹路。,"真相,屈绍辉,提示,详情,误区",2024-04-03 17:06:33,闫丹丹,中国互联网联合辟谣平台,"['真相', '屈绍辉', '提示', '详情', '误区']"
真相：误区：多吃碱性食物瘦得快。,"真相,天都峰,瘦得快,屈绍辉,中央网信办",2024-04-02 17:39:58,贾玉韬,中国互联网联合辟谣平台,"['真相', '天都峰', '瘦得快', '屈绍辉', '中央网信办']"
,"真相,屈绍辉,提示,详情,误区",2024-04-01 17:20:57,吴炎,中国互联网联合辟谣平台,"['真相', '屈绍辉', '提示', '详情', '误区']"
,,2024-03-29 16:42:13,周文婧,中国互联网联合辟谣平台,['']
,,2024-03-28 17:01:14,李然,中国互联网联合辟谣平台,['']
2.摸新鲜甘蔗质地较为坚硬，霉变甘蔗质地相对较软。,"甘蔗,霉变,中心,普查,诈骗",2024-03-27 17:39:08,董晋,中国互联网联合辟谣平台,"['甘蔗', '霉变', '中心', '普查', '诈骗']"
,"减肥,水煮,中国,谣言,开展",2024-03-26 16:57:58,霍晶莹,中国互联网联合辟谣平台,"['减肥', '水煮', '中国', '谣言', '开展']"
2024年3月25日谣言：真相：近误区：真相：此提示：详情：近监制：屈绍辉 编辑：李然 设计：肖丽丽 尹路。,"真相,屈绍辉,提示,详情,误区",2024-03-25 17:45:59,芮静,中国互联网联合辟谣平台,"['真相', '屈绍辉', '提示', '详情', '误区']"
2024年3月22日谣言：真相：近误区：真相：此提示：详情：近监制：屈绍辉 编辑：闫丹丹 设计：肖丽丽 尹路。,"真相,屈绍辉,提示,设计,误区",2024-03-22 17:09:34,闫丹丹,中国互联网联合辟谣平台,"['真相', '屈绍辉', '提示', '设计', '误区']"
真相：关注：2024年2月全国受理网络违法和不良信息举报1846.1万件详情：监制：屈绍辉 编辑：周文婧 设计：肖丽丽 尹路。,"真相,变白吗,屈绍辉,商业,大楼",2024-03-21 16:35:29,贾玉韬,中国互联网联合辟谣平台,"['真相', '变白吗', '屈绍辉', '商业', '大楼']"
,"真相,屈绍辉,提示,详情,误区",2024-03-20 16:30:45,闫丹丹,中国互联网联合辟谣平台,"['真相', '屈绍辉', '提示', '详情', '误区']"
,,2024-03-19 17:37:46,周文婧,中国互联网联合辟谣平台,['']
2023年9月7日谣言：真相：近误区：真相：此提示：详情：近监制：屈绍辉 编辑：周文婧 设计：肖丽丽 尹路。,"真相,屈绍辉,提示,详情,误区",2024-03-18 16:58:24,芮静,中国互联网联合辟谣平台,"['真相', '屈绍辉', '提示', '详情', '误区']"
,,2024-03-15 17:22:28,霍晶莹,中国互联网联合辟谣平台,['']
在“帮忙退税”的过程中，既可能存在虚假填报的情况，也可能利用纳税人的账号、密码盗取资金。,"退税,信息,运动,减肥,热量",2024-03-14 17:41:46,董晋,中国互联网联合辟谣平台,"['退税', '信息', '运动', '减肥', '热量']"
2024年3月13日谣言：真相：近误区：真相：此提示：详情：近监制：屈绍辉 编辑：李然 设计：肖丽丽 尹路。,"真相,屈绍辉,提示,设计,误区",2024-03-13 17:22:21,芮静,中国互联网联合辟谣平台,"['真相', '屈绍辉', '提示', '设计', '误区']"
2024年3月12日谣言：真相：近误区：真相：此提示：详情：近监制：荆克 屈绍辉 编辑：闫丹丹 设计：肖丽丽 尹路。,"真相,屈绍辉,提示,详情,误区",2024-03-12 18:23:59,闫丹丹,中国互联网联合辟谣平台,"['真相', '屈绍辉', '提示', '详情', '误区']"
真相：误区：面部皮肤需要“深层清洁”。,"真相,屈绍辉,详情,专属,深层",2024-03-11 17:23:58,贾玉韬,中国互联网联合辟谣平台,"['真相', '屈绍辉', '详情', '专属', '深层']"
2024年3月8日谣言：​​​河真相：近谣言：​​​清真相：针误区：车真相：这提示：开详情：寒监制：荆克 屈绍辉 编辑：闫丹丹 设计：肖丽丽 尹路。,"真相,谣言,屈绍辉,详情,提示",2024-03-08 16:20:07,吴炎,中国互联网联合辟谣平台,"['真相', '谣言', '屈绍辉', '详情', '提示']"
,,2024-03-07 16:17:43,周文婧,中国互联网联合辟谣平台,['']
,,2024-03-06 16:35:34,董晋,中国互联网联合辟谣平台,['']
2024年3月5日谣言：真相：近误区：真相：此提示：详情：近监制：荆克 屈绍辉 编辑：芮静 设计：肖丽丽 尹路。,"真相,屈绍辉,提示,详情,误区",2024-03-05 17:10:27,芮静,中国互联网联合辟谣平台,"['真相', '屈绍辉', '提示', '详情', '误区']"
,,2024-03-04 16:50:38,霍晶莹,中国互联网联合辟谣平台,['']
2024年3月1日谣言：真相：近误区：真相：此提示：详情：近监制：荆克 屈绍辉 编辑：李然 设计：肖丽丽 尹路。,"真相,屈绍辉,提示,详情,误区",2024-03-01 17:22:22,芮静,中国互联网联合辟谣平台,"['真相', '屈绍辉', '提示', '详情', '误区']"
2024年2月29日谣言：真相：近误区：真相：此提示：详情：近监制：荆克 屈绍辉 编辑：吴炎 设计：肖丽丽 尹路。,"真相,屈绍辉,提示,详情,误区",2024-02-29 15:57:39,闫丹丹,中国互联网联合辟谣平台,"['真相', '屈绍辉', '提示', '详情', '误区']"
真相：误区：车厘子吃多了会铁中毒。,"真相,车厘子,屈绍辉,详情,发生",2024-02-28 16:31:59,贾玉韬,中国互联网联合辟谣平台,"['真相', '车厘子', '屈绍辉', '详情', '发生']"
,,2024-02-27 16:59:03,吴炎,中国互联网联合辟谣平台,['']
,,2024-02-26 17:44:27,周文婧,中国互联网联合辟谣平台,['']
,,2024-02-23 17:21:19,李然,中国互联网联合辟谣平台,['']
2024年2月22日谣言：真相：科普：详情：提示：详情：监制：荆克 屈绍辉 编辑：霍晶莹 设计：肖丽丽 尹路。,"详情,屈绍辉,提示,晶莹,监制",2024-02-22 17:49:19,董晋,中国互联网联合辟谣平台,"['详情', '屈绍辉', '提示', '晶莹', '监制']"
,,2024-02-21 16:45:37,霍晶莹,中国互联网联合辟谣平台,['']
2024年2月20日谣言：真相：近误区：真相：此提示：详情：近监制：荆克 屈绍辉 编辑：李然 设计：肖丽丽 尹路。,"真相,屈绍辉,提示,详情,误区",2024-02-20 17:40:33,芮静,中国互联网联合辟谣平台,"['真相', '屈绍辉', '提示', '详情', '误区']"
2024年2月19日谣言：真相：近误区：真相：此提示：详情：近监制：荆克 屈绍辉 编辑：吴炎 设计：肖丽丽 尹路。,"真相,屈绍辉,提示,详情,误区",2024-02-19 18:17:19,闫丹丹,中国互联网联合辟谣平台,"['真相', '屈绍辉', '提示', '详情', '误区']"
真相：提示：2024年1月全国受理网络违法和不良信息举报1854万件详情：监制：荆克 屈绍辉 编辑：周文婧 设计：肖丽丽 尹路。,"安全,致癌物,真相,误区,科普",2024-02-18 17:54:51,贾玉韬,中国互联网联合辟谣平台,"['安全', '致癌物', '真相', '误区', '科普']"
2024年2月8日谣言：​​​重真相：近误区：发真相：这通报：多详情：近监制：荆克 屈绍辉 编辑：闫丹丹 设计：肖丽丽 尹路。,"真相,屈绍辉,监制,详情,误区",2024-02-08 14:52:41,吴炎,中国互联网联合辟谣平台,"['真相', '屈绍辉', '监制', '详情', '误区']"
,,2024-02-07 14:20:33,周文婧,中国互联网联合辟谣平台,['']
,"视频,谣言,网民,发布,信息",2024-02-06 18:24:17,李然,中国互联网联合辟谣平台,"['视频', '谣言', '网民', '发布', '信息']"
2024年2月5日谣言：真相：科普：详情：关注：详情：监制：荆克 屈绍辉 编辑：霍晶莹 设计：肖丽丽 尹路。,"详情,屈绍辉,晶莹,监制,编辑",2024-02-05 17:52:48,董晋,中国互联网联合辟谣平台,"['详情', '屈绍辉', '晶莹', '监制', '编辑']"
,,2024-02-04 16:26:22,霍晶莹,中国互联网联合辟谣平台,['']
2024年2月2日谣言：真相：近误区：真相：此提示：详情：近监制：荆克 屈绍辉 编辑：李然 设计：肖丽丽 尹路。,"真相,屈绍辉,提示,详情,误区",2024-02-02 17:53:55,芮静,中国互联网联合辟谣平台,"['真相', '屈绍辉', '提示', '详情', '误区']"
2024年2月1日谣言：真相：近误区：真相：并关注：详情：中监制：荆克 屈绍辉 编辑：闫丹丹 设计：肖丽丽 尹路。,"真相,屈绍辉,监制,详情,误区",2024-02-01 17:35:42,闫丹丹,中国互联网联合辟谣平台,"['真相', '屈绍辉', '监制', '详情', '误区']"
,"谣言,真相,屈绍辉,详情,尹路",2024-01-31 18:02:47,贾玉韬,中国互联网联合辟谣平台,"['谣言', '真相', '屈绍辉', '详情', '尹路']"
,"详情,真相,屈绍辉",2024-01-30 17:35:22,吴炎,中国互联网联合辟谣平台,"['详情', '真相', '屈绍辉']"
,,2024-01-29 17:54:20,周文婧,中国互联网联合辟谣平台,['']
,"溃疡,口腔,未成年人网络保护条例,来源,财务部",2024-01-26 17:09:41,李然,中国互联网联合辟谣平台,"['溃疡', '口腔', '未成年人网络保护条例', '来源', '财务部']"
2024年1月25日谣言：真相：误区：真相：提示：详情：监制：荆克 屈绍辉 编辑：霍晶莹 设计：肖丽丽 尹路。,"真相,屈绍辉,提示,晶莹,详情",2024-01-25 17:54:22,董晋,中国互联网联合辟谣平台,"['真相', '屈绍辉', '提示', '晶莹', '详情']"
,,2024-01-24 16:57:47,霍晶莹,中国互联网联合辟谣平台,['']
,"真相,屈绍辉,提示,详情,误区",2024-01-23 16:43:08,芮静,中国互联网联合辟谣平台,"['真相', '屈绍辉', '提示', '详情', '误区']"
,"真相,屈绍辉,提示,详情,误区",2024-01-22 17:23:57,闫丹丹,中国互联网联合辟谣平台,"['真相', '屈绍辉', '提示', '详情', '误区']"
真相：误区：自来水有氯，直接用自来水蒸煮食物会致癌。,"自来水,真相,屈绍辉,监管,补贴",2024-01-19 17:17:54,贾玉韬,中国互联网联合辟谣平台,"['自来水', '真相', '屈绍辉', '监管', '补贴']"
,"真相,屈绍辉,监制,详情,误区",2024-01-18 17:32:43,吴炎,中国互联网联合辟谣平台,"['真相', '屈绍辉', '监制', '详情', '误区']"
,,2024-01-17 17:03:07,周文婧,中国互联网联合辟谣平台,['']
,,2024-01-16 18:06:03,李然,中国互联网联合辟谣平台,['']
2024年1月15日谣言：。,"真相,屈绍辉,提示,晶莹,详情",2024-01-15 16:32:57,董晋,中国互联网联合辟谣平台,"['真相', '屈绍辉', '提示', '晶莹', '详情']"
,,2024-01-12 16:49:34,霍晶莹,中国互联网联合辟谣平台,['']
,"详情,屈绍辉,编辑,监制,热点",2024-01-11 17:30:22,芮静,中国互联网联合辟谣平台,"['详情', '屈绍辉', '编辑', '监制', '热点']"
2024年1月10日谣言：真相：近热点：详情：甲通报：详情： 监制：荆克 屈绍辉 编辑：闫丹丹 设计：肖丽丽 尹路。,"详情,屈绍辉,编辑,监制,热点",2024-01-10 18:34:12,闫丹丹,中国互联网联合辟谣平台,"['详情', '屈绍辉', '编辑', '监制', '热点']"
真相：误区：“富贵包”是因肥胖造成的。,"真相,教育部,北海市,屈绍辉,发生",2024-01-09 17:32:57,贾玉韬,中国互联网联合辟谣平台,"['真相', '教育部', '北海市', '屈绍辉', '发生']"
2024年1月8日谣言：真相：误区：真相：提示：详情：监制：荆克 屈绍辉 编辑：闫丹丹 设计：肖丽丽 尹路。,"真相,屈绍辉,提示,详情,误区",2024-01-08 16:49:21,吴炎,中国互联网联合辟谣平台,"['真相', '屈绍辉', '提示', '详情', '误区']"
,,2024-01-05 17:33:25,周文婧,中国互联网联合辟谣平台,['']
,"发生,地震,临夏,网民,重大",2024-01-04 17:51:48,李然,中国互联网联合辟谣平台,"['发生', '地震', '临夏', '网民', '重大']"
2024年1月3日谣言：真相：科普：详情：通报：详情：监制：荆克 屈绍辉 编辑：霍晶莹 设计：肖丽丽 尹路。,"详情,屈绍辉,监制,晶莹,科普",2024-01-03 17:40:39,董晋,中国互联网联合辟谣平台,"['详情', '屈绍辉', '监制', '晶莹', '科普']"
（来源：“赣州网警”微信公众号）科普：甘肃临夏积石山6.2级地震中的“砂涌现象”是什么。,"发生,地震,临夏,网民,重大",2024-01-02 17:42:56,霍晶莹,中国互联网联合辟谣平台,"['发生', '地震', '临夏', '网民', '重大']"
2023年12月29日谣言：真相：1谣言：真相：近误区：真相：并提示：详情：2监制：荆克 屈绍辉 编辑：李然 设计：肖丽丽 尹路。,"真相,谣言,屈绍辉,详情,提示",2023-12-29 17:04:21,芮静,中国互联网联合辟谣平台,"['真相', '谣言', '屈绍辉', '详情', '提示']"
2023年12月28日谣言：真相：1谣言：真相：近误区：真相：并提示：详情：2监制：荆克 屈绍辉 编辑：吴炎 设计：肖丽丽 尹路。,"真相,谣言,屈绍辉,提示,设计",2023-12-28 17:24:06,闫丹丹,中国互联网联合辟谣平台,"['真相', '谣言', '屈绍辉', '提示', '设计']"
真相：通报：2023年打击治理电信网络诈骗四大看点详情：监制：荆克 屈绍辉 编辑：周文婧 设计：肖丽丽 尹路。,"真相,积石山,搜救犬,燃气灶,屈绍辉",2023-12-27 16:41:51,贾玉韬,中国互联网联合辟谣平台,"['真相', '积石山', '搜救犬', '燃气灶', '屈绍辉']"
,"真相,屈绍辉,提示,详情,误区",2023-12-26 16:59:48,吴炎,中国互联网联合辟谣平台,"['真相', '屈绍辉', '提示', '详情', '误区']"
,,2023-12-25 16:53:01,周文婧,中国互联网联合辟谣平台,['']
,"真相,屈绍辉,监制,详情,误区",2023-12-22 14:50:55,李然,中国互联网联合辟谣平台,"['真相', '屈绍辉', '监制', '详情', '误区']"
2023年12月21日谣言：真相：科普：详情：通报：详情：监制：荆克 屈绍辉 编辑：霍晶莹 设计：肖丽丽 尹路。,"详情,屈绍辉,监制,晶莹,科普",2023-12-21 17:36:05,董晋,中国互联网联合辟谣平台,"['详情', '屈绍辉', '监制', '晶莹', '科普']"
,"缴费,养老金,网站,学术,病毒",2023-12-20 16:38:24,霍晶莹,中国互联网联合辟谣平台,"['缴费', '养老金', '网站', '学术', '病毒']"
2023年12月19日谣言：真相：每误区：真相：近通报：详情：20监制：荆克 屈绍辉 编辑：李然 设计：肖丽丽 尹路。,"真相,屈绍辉,监制,详情,误区",2023-12-19 16:47:35,芮静,中国互联网联合辟谣平台,"['真相', '屈绍辉', '监制', '详情', '误区']"
2023年12月18日谣言：真相：每误区：真相：近通报：详情：20监制：荆克 屈绍辉 编辑：吴炎 设计：肖丽丽 尹路。,"真相,屈绍辉,监制,详情,误区",2023-12-18 18:15:58,闫丹丹,中国互联网联合辟谣平台,"['真相', '屈绍辉', '监制', '详情', '误区']"
,备用,2023-12-15 16:15:58,贾玉韬,中国互联网联合辟谣平台,['备用']
,"真相,屈绍辉,提示,详情,误区",2023-12-14 17:48:28,吴炎,中国互联网联合辟谣平台,"['真相', '屈绍辉', '提示', '详情', '误区']"
,,2023-12-13 16:50:27,周文婧,中国互联网联合辟谣平台,['']
详情：近日，中央网信办举报中心依法受理处置一批仿冒学术期刊诈骗网站。,"举报,缴费,网站,仿冒,中央网信办",2023-12-12 16:34:06,董晋,中国互联网联合辟谣平台,"['举报', '缴费', '网站', '仿冒', '中央网信办']"
,"详情,屈绍辉,提示,科普,监制",2023-12-11 16:59:31,李然,中国互联网联合辟谣平台,"['详情', '屈绍辉', '提示', '科普', '监制']"
,,2023-12-08 16:33:30,李然,中国互联网联合辟谣平台,['']
2023年12月6日谣言：真相：近误区：真相：一提示：详情：一监制：荆克 屈绍辉 编辑：李然 设计：肖丽丽 尹路。,"真相,屈绍辉,提示,详情,误区",2023-12-07 09:33:38,芮静,中国互联网联合辟谣平台,"['真相', '屈绍辉', '提示', '详情', '误区']"
,"真相,屈绍辉,提示,详情,误区",2023-12-06 18:08:51,闫丹丹,中国互联网联合辟谣平台,"['真相', '屈绍辉', '提示', '详情', '误区']"
真相：误区：加强营养会让肿瘤生长得更快。,"真相,屈绍辉,加强,国家,造假",2023-12-05 17:28:16,贾玉韬,中国互联网联合辟谣平台,"['真相', '屈绍辉', '加强', '国家', '造假']"
2023年12月4日谣言：广真相：近误区：支真相：近提示： 人详情：为监制：荆克 屈绍辉 编辑：闫丹丹 设计：肖丽丽 尹路。,"真相,屈绍辉,提示,详情,误区",2023-12-04 17:58:22,吴炎,中国互联网联合辟谣平台,"['真相', '屈绍辉', '提示', '详情', '误区']"
,,2023-12-01 16:49:07,周文婧,中国互联网联合辟谣平台,['']
,"公安部,维生素D,违法犯罪,惩治,暴力",2023-11-30 17:37:20,李然,中国互联网联合辟谣平台,"['公安部', '维生素D', '违法犯罪', '惩治', '暴力']"
真相：维生素D3、硫酸软骨素只能轻微缓解关节疼痛的症状，但无法治好关节炎。,"公安机关,网络,侦破,违法犯罪,受害人",2023-11-29 16:05:14,李然,中国互联网联合辟谣平台,"['公安机关', '网络', '侦破', '违法犯罪', '受害人']"
,,2023-11-28 17:18:47,霍晶莹,中国互联网联合辟谣平台,['']
2023年11月20日谣言：真相：科普：详情：提示：详情：监制：荆克 屈绍辉 编辑：贾玉韬 设计：肖丽丽 尹路。,"详情,屈绍辉,提示,科普,监制",2023-11-27 18:02:59,芮静,中国互联网联合辟谣平台,"['详情', '屈绍辉', '提示', '科普', '监制']"
2023年11月24日谣言：真相：近误区：真相：加通报：详情：近监制：荆克 屈绍辉 编辑：吴炎 设计：肖丽丽 尹路。,"真相,屈绍辉,监制,详情,误区",2023-11-24 17:41:07,闫丹丹,中国互联网联合辟谣平台,"['真相', '屈绍辉', '监制', '详情', '误区']"
真相：误区：支原体肺炎自测盒热销，在家自测阳性就是感染了。,"自测,网络,真相,屈绍辉,支原体",2023-11-23 17:54:39,贾玉韬,中国互联网联合辟谣平台,"['自测', '网络', '真相', '屈绍辉', '支原体']"
2023年11月22日谣言：真相：误区：真相：提示：详情：监制：荆克 屈绍辉 编辑：闫丹丹 设计：肖丽丽 尹路。,"真相,屈绍辉,提示,详情,误区",2023-11-22 17:57:33,吴炎,中国互联网联合辟谣平台,"['真相', '屈绍辉', '提示', '详情', '误区']"
,,2023-11-21 17:48:57,周文婧,中国互联网联合辟谣平台,['']
2023年11月20日谣言：真相：误区：真相：提示：详情：监制：荆克 屈绍辉 编辑：霍晶莹 设计：肖丽丽 尹路。,"真相,屈绍辉,提示,晶莹,详情",2023-11-20 17:20:02,董晋,中国互联网联合辟谣平台,"['真相', '屈绍辉', '提示', '晶莹', '详情']"
2023年11月17日谣言：外卖真相：近日，一张 配送误区：冷空气和寒潮是一回事。,"寒潮,近日,真相,冷空气,一回事",2023-11-17 17:26:16,李然,中国互联网联合辟谣平台,"['寒潮', '近日', '真相', '冷空气', '一回事']"
,,2023-11-16 17:10:43,李然,中国互联网联合辟谣平台,['']
2023年11月14日谣言：真相：近误区：真相：近提示：详情：近监制：荆克 屈绍辉 编辑：芮静 设计：肖丽丽 尹路。,"真相,屈绍辉,监制,详情,误区",2023-11-15 16:00:00,芮静,中国互联网联合辟谣平台,"['真相', '屈绍辉', '监制', '详情', '误区']"
2023年11月14日谣言：真相：近误区：真相：近提示：详情：近监制：荆克 屈绍辉 编辑：吴炎 设计：肖丽丽 尹路。,"真相,屈绍辉,提示,详情,误区",2023-11-14 20:38:52,闫丹丹,中国互联网联合辟谣平台,"['真相', '屈绍辉', '提示', '详情', '误区']"
2023年11月13日谣言：真相：误区：真相：提示：详情：监制：荆克 屈绍辉 编辑：周文婧 设计：肖丽丽 尹路。,"真相,屈绍辉,提示,详情,误区",2023-11-13 16:54:06,贾玉韬,中国互联网联合辟谣平台,"['真相', '屈绍辉', '提示', '详情', '误区']"
2023年11月10日谣言：真相：误区：真相：提示：详情：监制：荆克 屈绍辉 编辑：闫丹丹 设计：肖丽丽 尹路。,"真相,屈绍辉,提示,详情,误区",2023-11-10 18:51:16,吴炎,中国互联网联合辟谣平台,"['真相', '屈绍辉', '提示', '详情', '误区']"
,,2023-11-09 16:36:27,周文婧,中国互联网联合辟谣平台,['']
（来源：重庆辟谣）科普：乳腺结节一定是气出来的吗。,"乳腺,平台,人贩子,广场,夸克",2023-11-08 17:54:41,李然,中国互联网联合辟谣平台,"['乳腺', '平台', '人贩子', '广场', '夸克']"
真相：提示：警惕仿冒“12315”维权平台实施电信诈骗。,"平台,真相,冷空气,屈绍辉,一回事",2023-11-07 16:55:43,李然,中国互联网联合辟谣平台,"['平台', '真相', '冷空气', '屈绍辉', '一回事']"
,,2023-11-06 17:28:09,霍晶莹,中国互联网联合辟谣平台,['']
（来源：“重庆辟谣”微信公众号）误区：真相：虽然西红柿含有维生素C，但也并不代表吃了就能美白。,"维生素C,检疫,重庆市,公租房,出入境",2023-11-03 17:30:01,闫丹丹,中国互联网联合辟谣平台,"['维生素C', '检疫', '重庆市', '公租房', '出入境']"
2023年11月2日谣言：网传视频显示四川宜宾三江口有人非法捕捞。,"真相,四川宜宾,三江口,屈绍辉,支原体",2023-11-02 16:18:28,贾玉韬,中国互联网联合辟谣平台,"['真相', '四川宜宾', '三江口', '屈绍辉', '支原体']"
2023年11月1日谣言：真相：误区：真相：关注：详情：监制：荆克 屈绍辉 编辑：闫丹丹 设计：肖丽丽 尹路。,"真相,屈绍辉,设计,监制,误区",2023-11-01 16:23:14,吴炎,中国互联网联合辟谣平台,"['真相', '屈绍辉', '设计', '监制', '误区']"
,,2023-10-31 16:50:58,周文婧,中国互联网联合辟谣平台,['']
,"真相,屈绍辉,提示,详情,误区",2023-10-30 19:21:50,李然,中国互联网联合辟谣平台,"['真相', '屈绍辉', '提示', '详情', '误区']"
,,2023-10-27 17:34:54,李然,中国互联网联合辟谣平台,['']
,,2023-10-26 17:35:29,霍晶莹,中国互联网联合辟谣平台,['']
,,2023-10-25 17:53:56,霍晶莹,中国互联网联合辟谣平台,['']
,,2023-10-24 17:31:56,李雪芹,中国互联网联合辟谣平台,['']
2023年10月23日谣言：真相：身误区：真相：并提示：详情：10监制：荆克 屈绍辉 编辑：吴炎 设计：肖丽丽 尹路。,"真相,屈绍辉,提示,详情,误区",2023-10-23 17:05:17,闫丹丹,中国互联网联合辟谣平台,"['真相', '屈绍辉', '提示', '详情', '误区']"
,"真相,屈绍辉,提示,详情,误区",2023-10-20 16:06:42,贾玉韬,中国互联网联合辟谣平台,"['真相', '屈绍辉', '提示', '详情', '误区']"
,"来源,真相,屈绍辉,详情,提示",2023-10-19 17:05:21,吴炎,中国互联网联合辟谣平台,"['来源', '真相', '屈绍辉', '详情', '提示']"
,,2023-10-18 17:50:28,霍晶莹,中国互联网联合辟谣平台,['']
2023年10月17日谣言：真相：误区：真相：提示：详情：监制：荆克 屈绍辉 编辑：李雪芹 设计：肖丽丽 尹路。,"真相,李雪芹,屈绍辉,提示,详情",2023-10-17 17:23:23,董晋,中国互联网联合辟谣平台,"['真相', '李雪芹', '屈绍辉', '提示', '详情']"
,,2023-10-16 17:45:20,闫丹丹,中国互联网联合辟谣平台,['']
2023年10月13日谣言：上真相：近日误区：天真相：没提示：国详情：国监制：荆克 屈绍辉 编辑：霍晶莹 设计：肖丽丽 尹路。,"真相,屈绍辉,提示,晶莹,详情",2023-10-13 17:23:57,闫丹丹,中国互联网联合辟谣平台,"['真相', '屈绍辉', '提示', '晶莹', '详情']"
,,2023-10-12 16:49:34,闫丹丹,中国互联网联合辟谣平台,['']
2023年10月11日谣言：真相：近误区：真相：对提示：详情： 监制：荆克 屈绍辉 编辑：李然 设计：肖丽丽 尹路。,"真相,屈绍辉,提示,详情,误区",2023-10-11 17:18:05,闫丹丹,中国互联网联合辟谣平台,"['真相', '屈绍辉', '提示', '详情', '误区']"
,"真相,屈绍辉,提示,详情,误区",2023-10-10 17:51:37,闫丹丹,中国互联网联合辟谣平台,"['真相', '屈绍辉', '提示', '详情', '误区']"
来源：“湖南省互联网举报中心”微信公众号、沅江交警）科普：年轻人患高血压，健康管理要重视详情：10月8日是全国高血压日。,"快递,沅江,信息,湖南省,大闸蟹",2023-10-09 17:56:31,闫丹丹,中国互联网联合辟谣平台,"['快递', '沅江', '信息', '湖南省', '大闸蟹']"
2023年10月8日谣言：真相：误区：真相：：详情：监制：荆克 屈绍辉 编辑：闫丹丹 设计：肖丽丽 尹路。,"真相,屈绍辉,监制,详情,误区",2023-10-08 19:33:24,闫丹丹,中国互联网联合辟谣平台,"['真相', '屈绍辉', '监制', '详情', '误区']"
,,2023-10-07 16:51:46,闫丹丹,中国互联网联合辟谣平台,['']
2023年9月28日谣言：真相：关注：详情：提示：详情：监制：荆克 屈绍辉 编辑：李雪芹 设计：肖丽丽 尹路。,"详情,李雪芹,屈绍辉,提示,监制",2023-09-28 16:38:28,闫丹丹,中国互联网联合辟谣平台,"['详情', '李雪芹', '屈绍辉', '提示', '监制']"
,,2023-09-27 19:10:33,闫丹丹,中国互联网联合辟谣平台,['']
,"机构,来源,晚上,我方,影响",2023-09-26 16:39:50,闫丹丹,中国互联网联合辟谣平台,"['机构', '来源', '晚上', '我方', '影响']"
,"机构,来源,晚上,我方,影响",2023-09-25 18:11:06,闫丹丹,中国互联网联合辟谣平台,"['机构', '来源', '晚上', '我方', '影响']"
2023年9月22日谣言：真相：近日（来源：湖南省互联网举报中心）误区：真相：生姜（来源：科学辟谣平台）关注：详情：为（来源：人民日报）监制：荆克 屈绍辉 编辑：李然 设计：肖丽丽 尹路。,"来源,真相,人民日报,屈绍辉,湖南省",2023-09-22 15:20:52,闫丹丹,中国互联网联合辟谣平台,"['来源', '真相', '人民日报', '屈绍辉', '湖南省']"
真相：“晚上姜汤赛砒霜”说法太夸张，适量吃不要紧，大量食用可能影响睡眠。,"机构,来源,晚上,我方,影响",2023-09-21 18:24:49,闫丹丹,中国互联网联合辟谣平台,"['机构', '来源', '晚上', '我方', '影响']"
2023年9月20日谣言：中国工程院将创建大学。,"真相,屈绍辉,工程院,详情,提示",2023-09-20 17:23:59,闫丹丹,中国互联网联合辟谣平台,"['真相', '屈绍辉', '工程院', '详情', '提示']"
2023年9月19日谣言：真相：误区：真相：关注：详情：监制：荆克 屈绍辉 编辑：闫丹丹 设计：肖丽丽 尹路。,"真相,屈绍辉,监制,详情,误区",2023-09-19 18:33:11,闫丹丹,中国互联网联合辟谣平台,"['真相', '屈绍辉', '监制', '详情', '误区']"
,,2023-09-18 17:18:31,闫丹丹,中国互联网联合辟谣平台,['']
,"真相,工业园区,李雪芹,屈绍辉,中央网信办",2023-09-15 19:42:16,闫丹丹,中国互联网联合辟谣平台,"['真相', '工业园区', '李雪芹', '屈绍辉', '中央网信办']"
2023年9月14日谣言：。,"真相,屈绍辉,提示,详情,误区",2023-09-14 17:24:45,闫丹丹,中国互联网联合辟谣平台,"['真相', '屈绍辉', '提示', '详情', '误区']"
,"真相,屈绍辉,提示,晶莹,详情",2023-09-13 16:52:23,闫丹丹,中国互联网联合辟谣平台,"['真相', '屈绍辉', '提示', '晶莹', '详情']"
2023年9月11日谣言：真相：近科普：详情：9提示：详情：随监制：荆克 屈绍辉 编辑：董晋 设计：肖丽丽 尹路。,,2023-09-12 17:04:03,闫丹丹,中国互联网联合辟谣平台,['']
2023年9月11日谣言：真相：近科普：详情：9提示：详情：随监制：荆克 屈绍辉 编辑：李然 设计：肖丽丽 尹路。,"详情,屈绍辉,提示,科普,监制",2023-09-12 14:36:53,闫丹丹,中国互联网联合辟谣平台,"['详情', '屈绍辉', '提示', '科普', '监制']"
2023年9月8日谣言：真相：近误区：真相：这通报：详情：国监制：荆克 屈绍辉 编辑：吴炎 设计：肖丽丽 尹路。,"真相,屈绍辉,监制,详情,误区",2023-09-08 17:59:11,闫丹丹,中国互联网联合辟谣平台,"['真相', '屈绍辉', '监制', '详情', '误区']"
2023年9月7日谣言：真相：近误区：真相：此提示：详情：近监制：荆克 屈绍辉 编辑：周文婧 设计：肖丽丽 尹路。,"真相,屈绍辉,提示,详情,误区",2023-09-07 17:13:50,闫丹丹,中国互联网联合辟谣平台,"['真相', '屈绍辉', '提示', '详情', '误区']"
对此，涉及到的天津、新疆以及浙江舟山、山东菏泽、四川雅安、贵州铜仁等地均已辟谣。,"谣言,辟谣,网民,详情,信息",2023-09-06 17:20:19,艾莲,中国互联网联合辟谣平台,"['谣言', '辟谣', '网民', '详情', '信息']"
2023年9月5日谣言：真相：近科普：详情：9提示：详情：随监制：荆克 屈绍辉 编辑：贾玉韬 设计：肖丽丽 尹路。,"详情,屈绍辉,提示,科普,监制",2023-09-05 17:37:14,闫丹丹,中国互联网联合辟谣平台,"['详情', '屈绍辉', '提示', '科普', '监制']"
2023年8月31日谣言：真相：误区：真相：提示：详情：监制：荆克 屈绍辉 编辑：李雪芹 设计：肖丽丽 尹路。,"真相,李雪芹,屈绍辉,提示,详情",2023-09-04 17:55:01,闫丹丹,中国互联网联合辟谣平台,"['真相', '李雪芹', '屈绍辉', '提示', '详情']"
,"举报,亚运会,信息,网络,杭州",2023-09-01 16:58:18,闫丹丹,中国互联网联合辟谣平台,"['举报', '亚运会', '信息', '网络', '杭州']"
2023年8月31日谣言：真相：误区：真相：提示：详情：监制：荆克 屈绍辉 编辑：霍晶莹 设计：肖丽丽 尹路。,"真相,屈绍辉,提示,晶莹,详情",2023-08-31 18:55:25,闫丹丹,中国互联网联合辟谣平台,"['真相', '屈绍辉', '提示', '晶莹', '详情']"
2023年8月29日谣言：真相：针关注：解析：针提示：详情：根监制：荆克 屈绍辉 编辑：李雪芹 设计：肖丽丽 尹路。,"李雪芹,屈绍辉,详情,解析,真相",2023-08-30 17:18:49,闫丹丹,中国互联网联合辟谣平台,"['李雪芹', '屈绍辉', '详情', '解析', '真相']"
2023年8月29日谣言：真相：针关注：解析：针提示：详情：根监制：荆克 屈绍辉 编辑：李然 设计：肖丽丽 尹路。,"屈绍辉,详情,提示,解析,真相",2023-08-29 17:20:30,闫丹丹,中国互联网联合辟谣平台,"['屈绍辉', '详情', '提示', '解析', '真相']"
（来源：“人民日报”微信公众号、中国盐业集团有限公司）关注：核污染水=核废水。,"海洋,污染,日本,食盐,废水",2023-08-28 18:25:53,闫丹丹,中国互联网联合辟谣平台,"['海洋', '污染', '日本', '食盐', '废水']"
真相：适量的辣椒不仅不会导致胃溃疡，还会保护胃黏膜、减少胃溃疡发生。,"养老,胃溃疡,服务,诈骗,存款",2023-08-25 18:01:42,闫丹丹,中国互联网联合辟谣平台,"['养老', '胃溃疡', '服务', '诈骗', '存款']"
,,2023-08-24 17:55:40,闫丹丹,中国互联网联合辟谣平台,['']
,"真相,李雪芹,屈绍辉,设计,误区",2023-08-23 18:42:04,闫丹丹,中国互联网联合辟谣平台,"['真相', '李雪芹', '屈绍辉', '设计', '误区']"
2023年8月22日谣言：真相：误区：详情：提示：详情：监制：荆克 屈绍辉 编辑：芮静 设计：肖丽丽 尹路。,"详情,屈绍辉,提示,监制,误区",2023-08-22 18:58:21,闫丹丹,中国互联网联合辟谣平台,"['详情', '屈绍辉', '提示', '监制', '误区']"
,,2023-08-21 17:07:24,闫丹丹,中国互联网联合辟谣平台,['']
真相：近年来，“械字号面膜”“医美面膜”备受追捧，有的商家甚至还声称这些产品功能更强大、更安全。,"面膜,字号,诈骗,产品,协会",2023-08-18 17:09:18,闫丹丹,中国互联网联合辟谣平台,"['面膜', '字号', '诈骗', '产品', '协会']"
真相：午睡有很多好处，但午睡并不是时间越长越好。,"午睡,安阳市,限行,时间,新的",2023-08-17 16:33:38,闫丹丹,中国互联网联合辟谣平台,"['午睡', '安阳市', '限行', '时间', '新的']"
真相：近期，网上流传“江北嘴国金中心某公司招聘新员工，正常上班数月后以‘出国团建’为由将员工送往‘缅北工业园’，重庆警方立案调查”的信息，引发关注。,"重庆,近期,信息,员工,东北地区",2023-08-16 17:04:12,闫丹丹,中国互联网联合辟谣平台,"['重庆', '近期', '信息', '员工', '东北地区']"
,"发来,先生,国家,中心,反诈",2023-08-15 18:36:19,闫丹丹,中国互联网联合辟谣平台,"['发来', '先生', '国家', '中心', '反诈']"
,,2023-08-14 20:34:31,闫丹丹,中国互联网联合辟谣平台,['']
,,2023-08-11 17:55:50,闫丹丹,中国互联网联合辟谣平台,['']
,,2023-08-10 18:59:15,闫丹丹,中国互联网联合辟谣平台,['']
,,2023-08-09 20:03:24,闫丹丹,中国互联网联合辟谣平台,['']
,,2023-08-08 19:28:41,闫丹丹,中国互联网联合辟谣平台,['']
,,2023-08-07 19:27:52,闫丹丹,中国互联网联合辟谣平台,['']
,"救援队,延续,政策,工商户,邀请函",2023-08-04 17:10:06,闫丹丹,中国互联网联合辟谣平台,"['救援队', '延续', '政策', '工商户', '邀请函']"
,"大运会,信息,违规,谣言,账号",2023-08-03 17:23:34,闫丹丹,中国互联网联合辟谣平台,"['大运会', '信息', '违规', '谣言', '账号']"
,"暴雨,自来水,城市,清退,诈骗",2023-08-02 16:24:45,闫丹丹,中国互联网联合辟谣平台,"['暴雨', '自来水', '城市', '清退', '诈骗']"
,"大运会,肝炎,预防,成都,体育中心",2023-08-01 17:48:22,闫丹丹,中国互联网联合辟谣平台,"['大运会', '肝炎', '预防', '成都', '体育中心']"
,,2023-07-31 16:59:52,闫丹丹,中国互联网联合辟谣平台,['']
,,2023-07-28 19:16:04,闫丹丹,中国互联网联合辟谣平台,['']
,,2023-07-27 17:41:50,闫丹丹,中国互联网联合辟谣平台,['']
,,2023-07-26 19:27:25,闫丹丹,中国互联网联合辟谣平台,['']
,,2023-07-25 17:36:22,闫丹丹,中国互联网联合辟谣平台,['']
,,2023-07-24 19:16:32,闫丹丹,中国互联网联合辟谣平台,['']
,"高温,暴雨,洪涝,皮肤病,名义",2023-07-21 18:45:25,闫丹丹,中国互联网联合辟谣平台,"['高温', '暴雨', '洪涝', '皮肤病', '名义']"
真相：近日，一则“珠海大桥抛尸”并配有警车等照片的图文信息在多个微信群传播，引发网民关注。,"西安市,信息,珠海,高温,科普",2023-07-20 18:13:57,闫丹丹,中国互联网联合辟谣平台,"['西安市', '信息', '珠海', '高温', '科普']"
2023年7月19日谣言：真相：近近期，我国北方多地高温“超长待机”，江南、华南一带也加入高温“群聊”。,"高温,科普,多地,出现,天气",2023-07-19 18:30:36,闫丹丹,中国互联网联合辟谣平台,"['高温', '科普', '多地', '出现', '天气']"
从7月7日开始，“今日科普”栏目将聚焦近期气候特征，针对舆论关注的持续高温、暴雨、地质灾害等进行系列科普，澄清误区。,"高温,科普,多地,出现,天气",2023-07-18 19:03:11,闫丹丹,中国互联网联合辟谣平台,"['高温', '科普', '多地', '出现', '天气']"
2023年7月117日谣言：真相：近期，我国北方多地高温“超长待机”，江南、华南一带也加入高温“群聊”。,"高温,科普,多地,出现,天气",2023-07-17 19:46:08,闫丹丹,中国互联网联合辟谣平台,"['高温', '科普', '多地', '出现', '天气']"
近期，我国北方多地高温“超长待机”，江南、华南一带也加入高温“群聊”。,"高温,真相,天气,谣言,科普",2023-07-14 17:01:34,闫丹丹,中国互联网联合辟谣平台,"['高温', '真相', '天气', '谣言', '科普']"
2023年7月13日谣言：真相：近谣言：真相：近近期，我国北方多地高温“超长待机”，江南、华南一带也加入高温“群聊”。,"高温,真相,天气,谣言,科普",2023-07-13 17:45:32,闫丹丹,中国互联网联合辟谣平台,"['高温', '真相', '天气', '谣言', '科普']"
2023年7月12日谣言：真相：近近期，我国北方多地高温“超长待机”，江南、华南一带也加入高温“群聊”。,"高温,真相,天气,误区,科普",2023-07-12 18:23:45,闫丹丹,中国互联网联合辟谣平台,"['高温', '真相', '天气', '误区', '科普']"
真相：近近期，我国北方多地高温“超长待机”，江南、华南一带也加入高温“群聊”。,"高温,科普,真相,天气,谣言",2023-07-11 17:45:20,闫丹丹,中国互联网联合辟谣平台,"['高温', '科普', '真相', '天气', '谣言']"
2023年7月10日辟谣：真相：中近期，我国北方多地高温“超长待机”，江南、华南一带也加入高温“群聊”。,"高温,科普,多地,出现,天气",2023-07-10 18:19:22,闫丹丹,中国互联网联合辟谣平台,"['高温', '科普', '多地', '出现', '天气']"
2023年7月7日谣言：真相：近谣言：真相：近误区：真相：提示：详情：中监制：荆克 屈绍辉 编辑：芮静 设计：肖丽丽 尹路。,"真相,谣言,屈绍辉,详情,提示",2023-07-07 18:18:53,闫丹丹,中国互联网联合辟谣平台,"['真相', '谣言', '屈绍辉', '详情', '提示']"
2023年7月6日谣言：真相：根误区：真相：水提示：详情：监制：荆克 屈绍辉 编辑：周文婧 设计：肖丽丽 尹路责任编辑： 闫丹丹。,"真相,责任编辑,屈绍辉,提示,详情",2023-07-06 18:02:21,闫丹丹,中国互联网联合辟谣平台,"['真相', '责任编辑', '屈绍辉', '提示', '详情']"
2023年7月5日谣言：真相：日谣言：真相：误区：真相：通报：详情：监制：荆克 屈绍辉 编辑：李然 设计：肖丽丽 尹路。,"真相,谣言,屈绍辉,详情,误区",2023-07-05 18:02:29,闫丹丹,中国互联网联合辟谣平台,"['真相', '谣言', '屈绍辉', '详情', '误区']"
2023年7月4日谣言：真相：近误区：长真相：此提示：@详情：为监制：荆克 屈绍辉 编辑：周文婧 设计：肖丽丽 尹路。,"真相,屈绍辉,编辑,设计,误区",2023-07-04 17:53:04,闫丹丹,中国互联网联合辟谣平台,"['真相', '屈绍辉', '编辑', '设计', '误区']"
2023年7月3日谣言：真相：6误区：真相：提示：详情：七监制：荆克 屈绍辉 编辑：闫丹丹 设计：肖丽丽 尹路。,"真相,屈绍辉,提示,设计,误区",2023-07-03 18:17:18,闫丹丹,中国互联网联合辟谣平台,"['真相', '屈绍辉', '提示', '设计', '误区']"
2023年6月30日谣言：真相：误区：真相：提示：详情：监制：荆克 屈绍辉 编辑：李雪芹 设计：肖丽丽 尹路。,"真相,李雪芹,屈绍辉,提示,详情",2023-06-30 17:21:19,闫丹丹,中国互联网联合辟谣平台,"['真相', '李雪芹', '屈绍辉', '提示', '详情']"
近日，有网民向上海辟谣平台转发一则聊天记录，提到“上海医院门诊检查出猴痘飞沫传播”，称“复旦系的医院已经要求上防护”，希望求证真伪。,高校招生，猴痘病毒,2023-06-29 16:45:04,闫丹丹,中国互联网联合辟谣平台,['高校招生，猴痘病毒']
6月27日，农业农村部、中华全国供销合作总社先后发布郑重声明称，其从未联合制发过上述文件，从未设立过文件中所提的“农商资源整合补贴”“土地认养补贴”等政策，也从未联合组织过相关活动。请社会各界提高警惕，谨防上当受骗。如已造成损失，请及时向公安机关报案。,"真相,谣言,屈绍辉,详情,提示",2023-06-28 17:17:30,闫丹丹,中国互联网联合辟谣平台,"['真相', '谣言', '屈绍辉', '详情', '提示']"
2023年6月27日谣言：真相：误区：真相：提示：详情：监制：荆克 屈绍辉 编辑：董晋 设计：肖丽丽 尹路。,景区，涨价，招生，燃气,2023-06-27 16:54:35,闫丹丹,中国互联网联合辟谣平台,['景区，涨价，招生，燃气']
2023年6月26日谣言：真相：误区：真相：提示：详情：监制：荆克 屈绍辉 编辑：董晋 设计：肖丽丽 尹路。,"真相,屈绍辉,提示,详情,误区",2023-06-26 15:26:42,闫丹丹,中国互联网联合辟谣平台,"['真相', '屈绍辉', '提示', '详情', '误区']"
2023年6月25日谣言：真相：近关注：详情：今通报：公详情：校监制：荆克 屈绍辉 编辑：董晋 设计：肖丽丽 尹路。,今日辟谣,2023-06-25 18:51:48,闫丹丹,中国互联网联合辟谣平台,['今日辟谣']
2023年6月21日谣言：女真相：6谣言：上真相：上误区：瞳真相：瞳提示：中详情：针监制：荆克 屈绍辉 编辑：闫丹丹 设计：肖丽丽 尹路。,"真相,谣言,屈绍辉,详情,提示",2023-06-21 19:38:22,闫丹丹,中国互联网联合辟谣平台,"['真相', '谣言', '屈绍辉', '详情', '提示']"
,,2023-06-20 18:55:48,闫丹丹,中国互联网联合辟谣平台,['']
,,2023-06-19 18:13:54,闫丹丹,中国互联网联合辟谣平台,['']
真相：近期，网络平台流传“成都大运会期间全市范围内在建工程项目要全部停工”相关信息，还列出了一张“2023成都开大运会停工时间表”。,"停工,大运会,黄瓜,期间,放假",2023-06-16 17:19:37,闫丹丹,中国互联网联合辟谣平台,"['停工', '大运会', '黄瓜', '期间', '放假']"
真相：近日，“成都某医院围墙垮塌，患者跑到大街上”的消息在网上流传，引发关注。,"血液,患者,病毒,生命,我国",2023-06-15 17:36:57,闫丹丹,中国互联网联合辟谣平台,"['血液', '患者', '病毒', '生命', '我国']"
2023年6月14日谣言：网传图片显示三峡大坝“着火”和“决堤”。,"三峡,大坝,考生,高温,决堤",2023-06-14 17:28:54,闫丹丹,中国互联网联合辟谣平台,"['三峡', '大坝', '考生', '高温', '决堤']"
,,2023-06-13 18:02:17,闫丹丹,中国互联网联合辟谣平台,['']
真相：近期，有不法分子假冒中国商飞开发一款名为“大飞机”的APP程序，并在其中发布“中国商飞小额期权”、“中国商飞股份期权”、“ARJ21私募基金”、“C919私募基金”、误区：夏季防痛风，可以用冰镇饮料代替啤酒来解暑。,"中国,商飞,私募,基金,真相",2023-06-12 17:35:52,闫丹丹,中国互联网联合辟谣平台,"['中国', '商飞', '私募', '基金', '真相']"
,,2023-06-09 17:51:04,闫丹丹,中国互联网联合辟谣平台,['']
,,2023-06-08 18:12:36,闫丹丹,中国互联网联合辟谣平台,['']
,"财政部,发行,度数,近视,债券",2023-06-07 19:14:42,闫丹丹,中国互联网联合辟谣平台,"['财政部', '发行', '度数', '近视', '债券']"
,"排除,真相,科学家,实验室,中国",2023-06-06 18:10:58,闫丹丹,中国互联网联合辟谣平台,"['排除', '真相', '科学家', '实验室', '中国']"
,"电价,牙膏,中央网信办,优化,济南",2023-06-05 19:02:04,闫丹丹,中国互联网联合辟谣平台,"['电价', '牙膏', '中央网信办', '优化', '济南']"
,,2023-06-02 16:27:42,闫丹丹, 中国互联网联合辟谣平台,['']
,"医护人员,医院,二手,信息,招聘",2023-06-01 17:22:35,闫丹丹,中国互联网联合辟谣平台,"['医护人员', '医院', '二手', '信息', '招聘']"
,"详情,屈绍辉,提示,监制,热点",2023-05-31 17:28:58,闫丹丹,中国互联网联合辟谣平台,"['详情', '屈绍辉', '提示', '监制', '热点']"
,,2023-05-30 18:20:51,闫丹丹,中国互联网联合辟谣平台,['']
,,2023-05-29 18:09:05,闫丹丹, 中国互联网联合辟谣平台,['']
,"详情,李雪芹,屈绍辉,声明,误区",2023-05-26 18:15:40,闫丹丹,中国互联网联合辟谣平台,"['详情', '李雪芹', '屈绍辉', '声明', '误区']"
,"详情,矿泉水,八达岭,屈绍辉,提示",2023-05-25 17:23:22,闫丹丹,中国互联网联合辟谣平台,"['详情', '矿泉水', '八达岭', '屈绍辉', '提示']"
,"真相,屈绍辉,设计,热点,误区",2023-05-24 17:07:49,闫丹丹,中国互联网联合辟谣平台,"['真相', '屈绍辉', '设计', '热点', '误区']"
,,2023-05-23 16:38:46,闫丹丹, 中国互联网联合辟谣平台,['']
,,2023-05-22 17:29:44,闫丹丹,中国互联网联合辟谣平台,['']
,"详情,屈绍辉,提示,编辑,监制",2023-05-19 17:30:03,闫丹丹,中国互联网联合辟谣平台,"['详情', '屈绍辉', '提示', '编辑', '监制']"
,,2023-05-18 18:34:10,闫丹丹,中国互联网联合辟谣平台,['']
,"详情,屈绍辉,监制,热点,误区",2023-05-17 17:08:21,闫丹丹,中国互联网联合辟谣平台,"['详情', '屈绍辉', '监制', '热点', '误区']"
,,2023-05-16 18:02:43,闫丹丹,中国互联网联合辟谣平台,['']
,,2023-05-15 18:52:24,闫丹丹,中国互联网联合辟谣平台,['']
,,2023-05-12 17:25:38,闫丹丹,中国互联网联合辟谣平台,['']
,,2023-05-11 19:09:15,闫丹丹,中国互联网联合辟谣平台,['']
,,2023-05-10 17:40:04,闫丹丹,中国互联网联合辟谣平台,['']
,,2023-05-09 17:10:31,闫丹丹,中国互联网联合辟谣平台,['']
,,2023-05-08 18:38:03,闫丹丹,中国互联网联合辟谣平台,['']
,,2023-05-06 17:22:20,闫丹丹,中国互联网联合辟谣平台,['']
,,2023-05-05 17:20:47,闫丹丹,中国互联网联合辟谣平台,['']
,,2023-05-04 17:36:21,闫丹丹,中国互联网联合辟谣平台,['']
,,2023-04-28 19:53:33,闫丹丹,中国互联网联合辟谣平台,['']
,,2023-04-27 17:04:46,闫丹丹,中国互联网联合辟谣平台,['']
,,2023-04-26 18:05:53,闫丹丹,中国互联网联合辟谣平台,['']
,,2023-04-25 17:53:43,闫丹丹,中国互联网联合辟谣平台,['']
,,2023-04-24 16:56:52,闫丹丹, 中国互联网联合辟谣平台,['']
,,2023-04-23 18:31:10,闫丹丹,中国互联网联合辟谣平台,['']
,,2023-04-21 18:10:52,闫丹丹,中国互联网联合辟谣平台,['']
,,2023-04-20 18:26:55,闫丹丹,中国互联网联合辟谣平台,['']
,,2023-04-19 18:41:24,闫丹丹,中国互联网联合辟谣平台,['']
,,2023-04-18 20:05:59,闫丹丹,中国互联网联合辟谣平台,['']
,,2023-04-17 18:15:42,闫丹丹,中国互联网联合辟谣平台,['']
,,2023-04-14 18:04:10,闫丹丹,中国互联网联合辟谣平台,['']
,,2023-04-13 16:45:03,闫丹丹,中国互联网联合辟谣平台,['']
,,2023-04-12 17:38:07,闫丹丹,中国互联网联合辟谣平台,['']
,,2023-04-11 18:03:02,闫丹丹,中国互联网联合辟谣平台,['']
,,2023-04-10 17:45:22,闫丹丹,中国互联网联合辟谣平台,['']
,,2023-04-07 18:41:00,闫丹丹,中国互联网联合辟谣平台,['']
,,2023-04-06 18:05:30,闫丹丹,中国互联网联合辟谣平台,['']
,,2023-04-04 17:04:42,闫丹丹,中国互联网联合辟谣平台,['']
,,2023-04-03 18:34:45,闫丹丹,中国互联网联合辟谣平台,['']
,,2023-03-31 17:18:17,闫丹丹,中国互联网联合辟谣平台,['']
,,2023-03-30 17:53:43,闫丹丹,中国互联网联合辟谣平台,['']
,,2023-03-29 17:31:14,闫丹丹,中国互联网联合辟谣平台,['']
,,2023-03-28 18:18:22,闫丹丹,中国互联网联合辟谣平台,['']
,,2023-03-27 16:53:42,闫丹丹,中国互联网联合辟谣平台,['']
,,2023-03-24 18:05:26,闫丹丹,中国互联网联合辟谣平台,['']
,,2023-03-23 18:35:14,闫丹丹,中国互联网联合辟谣平台,['']
,,2023-03-22 17:44:56,闫丹丹,中国互联网联合辟谣平台,['']
,,2023-03-21 17:18:44,闫丹丹,中国互联网联合辟谣平台,['']
,,2023-03-20 17:51:04,闫丹丹,中国互联网联合辟谣平台,['']
,,2023-03-17 19:04:39,闫丹丹,中国互联网联合辟谣平台,['']
,,2023-03-16 16:47:37,闫丹丹,中国互联网联合辟谣平台,['']
,,2023-03-15 17:45:53,闫丹丹,中国互联网联合辟谣平台,['']
,,2023-03-14 17:08:34,闫丹丹,中国互联网联合辟谣平台,['']
,,2023-03-13 18:18:11,闫丹丹,中国互联网联合辟谣平台,['']
,,2023-03-10 18:00:21,闫丹丹,中国互联网联合辟谣平台,['']
,,2023-03-09 17:21:15,闫丹丹,中国互联网联合辟谣平台,['']
,,2023-03-08 17:39:22,闫丹丹,中国互联网联合辟谣平台,['']
,,2023-03-07 18:00:58,闫丹丹,中国互联网联合辟谣平台,['']
,,2023-03-06 18:51:49,闫丹丹,中国互联网联合辟谣平台,['']
,,2023-03-03 17:02:34,闫丹丹,中国互联网联合辟谣平台,['']
,,2023-03-02 18:21:37,闫丹丹,中国互联网联合辟谣平台,['']
,,2023-03-01 18:55:24,闫丹丹,中国互联网联合辟谣平台,['']
,,2023-02-28 19:24:34,闫丹丹,中国互联网联合辟谣平台,['']
,,2023-02-27 19:31:19,闫丹丹,中国互联网联合辟谣平台,['']
,,2023-02-24 18:10:29,闫丹丹,中国互联网联合辟谣平台,['']
,,2023-02-23 19:00:05,闫丹丹,中国互联网联合辟谣平台,['']
,,2023-02-22 18:59:51,闫丹丹,中国互联网联合辟谣平台,['']
,,2023-02-21 18:59:27,闫丹丹,中国互联网联合辟谣平台,['']
,,2023-02-20 18:54:45,闫丹丹,中国互联网联合辟谣平台,['']
,,2023-02-17 19:23:46,闫丹丹,中国互联网联合辟谣平台,['']
,,2023-02-16 18:57:09,闫丹丹,中国互联网联合辟谣平台,['']
,,2023-02-15 19:12:22,闫丹丹,中国互联网联合辟谣平台,['']
,,2023-02-14 19:00:57,闫丹丹,中国互联网联合辟谣平台,['']
,,2023-02-13 19:12:19,闫丹丹,中国互联网联合辟谣平台,['']
,,2023-02-10 19:48:52,闫丹丹,中国互联网联合辟谣平台,['']
,,2023-02-09 19:05:52,闫丹丹,中国互联网联合辟谣平台,['']
,,2023-02-08 17:53:01,闫丹丹,中国互联网联合辟谣平台,['']
,,2023-02-07 17:57:26,闫丹丹,中国互联网联合辟谣平台,['']
,,2023-02-06 18:51:59,闫丹丹,中国互联网联合辟谣平台,['']
,,2023-02-03 18:17:39,闫丹丹,中国互联网联合辟谣平台,['']
,,2023-02-02 18:55:25,闫丹丹,中国互联网联合辟谣平台,['']
,,2023-02-01 20:37:23,闫丹丹,中国互联网联合辟谣平台,['']
